star,starLabel,movie,movieLabel,firstReleased
http://www.wikidata.org/entity/Q221074,Bud Spencer,http://www.wikidata.org/entity/Q116187,Cane e gatto,1983-02-11T00:00:00Z
http://www.wikidata.org/entity/Q221074,Bud Spencer,http://www.wikidata.org/entity/Q180638,Pari e dispari,1978-10-28T00:00:00Z
http://www.wikidata.org/entity/Q243430,Terence Hill,http://www.wikidata.org/entity/Q180638,Pari e dispari,1978-10-28T00:00:00Z
http://www.wikidata.org/entity/Q221074,Bud Spencer,http://www.wikidata.org/entity/Q231967,"Chi trova un amico, trova un tesoro",1981-01-01T00:00:00Z
http://www.wikidata.org/entity/Q243430,Terence Hill,http://www.wikidata.org/entity/Q231967,"Chi trova un amico, trova un tesoro",1981-01-01T00:00:00Z
http://www.wikidata.org/entity/Q221074,Bud Spencer,http://www.wikidata.org/entity/Q232044,...più forte ragazzi!,1972-12-22T00:00:00Z
http://www.wikidata.org/entity/Q243430,Terence Hill,http://www.wikidata.org/entity/Q232044,...più forte ragazzi!,1972-12-22T00:00:00Z
http://www.wikidata.org/entity/Q221074,Bud Spencer,http://www.wikidata.org/entity/Q232083,Porgi l'altra guancia,1974-12-21T00:00:00Z
http://www.wikidata.org/entity/Q243430,Terence Hill,http://www.wikidata.org/entity/Q232083,Porgi l'altra guancia,1974-12-21T00:00:00Z
http://www.wikidata.org/entity/Q221074,Bud Spencer,http://www.wikidata.org/entity/Q232166,I due superpiedi quasi piatti,1977-04-01T00:00:00Z
http://www.wikidata.org/entity/Q243430,Terence Hill,http://www.wikidata.org/entity/Q232166,I due superpiedi quasi piatti,1977-04-01T00:00:00Z
http://www.wikidata.org/entity/Q221074,Bud Spencer,http://www.wikidata.org/entity/Q232175,Nati con la camicia,1983-09-01T00:00:00Z
http://www.wikidata.org/entity/Q243430,Terence Hill,http://www.wikidata.org/entity/Q232175,Nati con la camicia,1983-09-01T00:00:00Z
http://www.wikidata.org/entity/Q221074,Bud Spencer,http://www.wikidata.org/entity/Q232261,...altrimenti ci arrabbiamo!,1974-03-29T00:00:00Z
http://www.wikidata.org/entity/Q243430,Terence Hill,http://www.wikidata.org/entity/Q232261,...altrimenti ci arrabbiamo!,1974-03-29T00:00:00Z
http://www.wikidata.org/entity/Q243430,Terence Hill,http://www.wikidata.org/entity/Q250628,Mister Miliardo,1977-03-03T00:00:00Z
http://www.wikidata.org/entity/Q243430,Terence Hill,http://www.wikidata.org/entity/Q256901,L'uomo che sognava con le aquile,2005-01-01T00:00:00Z
http://www.wikidata.org/entity/Q243430,Terence Hill,http://www.wikidata.org/entity/Q316151,Surehand - Mano veloce,1965-01-01T00:00:00Z
http://www.wikidata.org/entity/Q221074,Bud Spencer,http://www.wikidata.org/entity/Q324529,Al di là della legge,1968-01-01T00:00:00Z
http://www.wikidata.org/entity/Q243430,Terence Hill,http://www.wikidata.org/entity/Q467379,Renegade - Un osso troppo duro,1987-11-13T00:00:00Z
http://www.wikidata.org/entity/Q243430,Terence Hill,http://www.wikidata.org/entity/Q471775,La collera del vento,1970-12-04T00:00:00Z
http://www.wikidata.org/entity/Q221074,Bud Spencer,http://www.wikidata.org/entity/Q473803,Lo chiamavano Bulldozer,1978-10-05T00:00:00Z
http://www.wikidata.org/entity/Q221074,Bud Spencer,http://www.wikidata.org/entity/Q473829,Botte di Natale,1994-12-22T00:00:00Z
http://www.wikidata.org/entity/Q243430,Terence Hill,http://www.wikidata.org/entity/Q473829,Botte di Natale,1994-12-22T00:00:00Z
http://www.wikidata.org/entity/Q243430,Terence Hill,http://www.wikidata.org/entity/Q521876,Giorni di fuoco,1964-01-01T00:00:00Z
http://www.wikidata.org/entity/Q243430,Terence Hill,http://www.wikidata.org/entity/Q521907,"Un genio, due compari, un pollo",1975-12-16T00:00:00Z
http://www.wikidata.org/entity/Q221074,Bud Spencer,http://www.wikidata.org/entity/Q548277,Charleston,1977-05-05T00:00:00Z
http://www.wikidata.org/entity/Q221074,Bud Spencer,http://www.wikidata.org/entity/Q555722,La collina degli stivali,1969-12-20T00:00:00Z
http://www.wikidata.org/entity/Q243430,Terence Hill,http://www.wikidata.org/entity/Q555722,La collina degli stivali,1969-12-20T00:00:00Z
http://www.wikidata.org/entity/Q221074,Bud Spencer,http://www.wikidata.org/entity/Q558927,Superfantagenio,1986-12-23T00:00:00Z
http://www.wikidata.org/entity/Q221074,Bud Spencer,http://www.wikidata.org/entity/Q587854,Piedone d'Egitto,1980-03-01T00:00:00Z
http://www.wikidata.org/entity/Q221074,Bud Spencer,http://www.wikidata.org/entity/Q589001,...continuavano a chiamarlo Trinità,1971-10-21T00:00:00Z
http://www.wikidata.org/entity/Q243430,Terence Hill,http://www.wikidata.org/entity/Q589001,...continuavano a chiamarlo Trinità,1971-10-21T00:00:00Z
http://www.wikidata.org/entity/Q221074,Bud Spencer,http://www.wikidata.org/entity/Q596199,Banana Joe,1982-03-25T00:00:00Z
http://www.wikidata.org/entity/Q243430,Terence Hill,http://www.wikidata.org/entity/Q596623,Il Gattopardo,1963-01-01T00:00:00Z
http://www.wikidata.org/entity/Q221074,Bud Spencer,http://www.wikidata.org/entity/Q597579,Non c'è due senza quattro,1984-10-19T00:00:00Z
http://www.wikidata.org/entity/Q243430,Terence Hill,http://www.wikidata.org/entity/Q597579,Non c'è due senza quattro,1984-10-19T00:00:00Z
http://www.wikidata.org/entity/Q221074,Bud Spencer,http://www.wikidata.org/entity/Q598709,Lo chiamavano Trinità...,1970-12-22T00:00:00Z
http://www.wikidata.org/entity/Q243430,Terence Hill,http://www.wikidata.org/entity/Q598709,Lo chiamavano Trinità...,1970-12-22T00:00:00Z
http://www.wikidata.org/entity/Q221074,Bud Spencer,http://www.wikidata.org/entity/Q622201,4 mosche di velluto grigio,1971-01-01T00:00:00Z
http://www.wikidata.org/entity/Q221074,Bud Spencer,http://www.wikidata.org/entity/Q638356,Una ragione per vivere e una per morire,1972-12-27T00:00:00Z
http://www.wikidata.org/entity/Q221074,Bud Spencer,http://www.wikidata.org/entity/Q668928,Uno sceriffo extraterrestre... poco extra e molto terrestre,1979-08-10T00:00:00Z
http://www.wikidata.org/entity/Q221074,Bud Spencer,http://www.wikidata.org/entity/Q694040,Piedone l'africano,1978-03-22T00:00:00Z
http://www.wikidata.org/entity/Q243430,Terence Hill,http://www.wikidata.org/entity/Q736144,...E poi lo chiamarono il Magnifico,1972-09-09T00:00:00Z
http://www.wikidata.org/entity/Q243430,Terence Hill,http://www.wikidata.org/entity/Q751099,Lucky Luke,1991-07-04T00:00:00Z
http://www.wikidata.org/entity/Q221074,Bud Spencer,http://www.wikidata.org/entity/Q758591,Anche gli angeli mangiano fagioli,1973-03-22T00:00:00Z
http://www.wikidata.org/entity/Q221074,Bud Spencer,http://www.wikidata.org/entity/Q780835,Occhio alla penna,1981-03-06T00:00:00Z
http://www.wikidata.org/entity/Q243430,Terence Hill,http://www.wikidata.org/entity/Q785492,Danza di guerra per Ringo,1965-08-25T00:00:00Z
http://www.wikidata.org/entity/Q243430,Terence Hill,http://www.wikidata.org/entity/Q822995,Sparate a vista su Killer Kid,1965-01-01T00:00:00Z
http://www.wikidata.org/entity/Q221074,Bud Spencer,http://www.wikidata.org/entity/Q825322,Torino nera,1972-09-28T00:00:00Z
http://www.wikidata.org/entity/Q221074,Bud Spencer,http://www.wikidata.org/entity/Q826950,"Tesoro, sono un killer",2009-02-26T00:00:00Z
http://www.wikidata.org/entity/Q243430,Terence Hill,http://www.wikidata.org/entity/Q840565,Preparati la bara!,1967-01-01T00:00:00Z
http://www.wikidata.org/entity/Q221074,Bud Spencer,http://www.wikidata.org/entity/Q841882,Piedone a Hong Kong,1975-03-27T00:00:00Z
http://www.wikidata.org/entity/Q221074,Bud Spencer,http://www.wikidata.org/entity/Q841887,Piedone lo sbirro,1973-10-23T00:00:00Z
http://www.wikidata.org/entity/Q221074,Bud Spencer,http://www.wikidata.org/entity/Q848252,I quattro dell'Ave Maria,1968-10-31T00:00:00Z
http://www.wikidata.org/entity/Q243430,Terence Hill,http://www.wikidata.org/entity/Q848252,I quattro dell'Ave Maria,1968-10-31T00:00:00Z
http://www.wikidata.org/entity/Q221074,Bud Spencer,http://www.wikidata.org/entity/Q850096,Chissà perché... capitano tutte a me,1980-09-25T00:00:00Z
http://www.wikidata.org/entity/Q221074,Bud Spencer,http://www.wikidata.org/entity/Q850155,Il soldato di ventura,1975-01-01T00:00:00Z
http://www.wikidata.org/entity/Q243430,Terence Hill,http://www.wikidata.org/entity/Q882468,Little Rita nel West,1967-01-01T00:00:00Z
http://www.wikidata.org/entity/Q243430,Terence Hill,http://www.wikidata.org/entity/Q895543,Là dove scende il sole,1964-01-01T00:00:00Z
http://www.wikidata.org/entity/Q243430,Terence Hill,http://www.wikidata.org/entity/Q908533,Don Camillo,1983-01-01T00:00:00Z
http://www.wikidata.org/entity/Q243430,Terence Hill,http://www.wikidata.org/entity/Q910695,La bandera - Marcia o muori,1977-08-05T00:00:00Z
http://www.wikidata.org/entity/Q221074,Bud Spencer,http://www.wikidata.org/entity/Q917322,Un piede in paradiso,1990-01-01T00:00:00Z
http://www.wikidata.org/entity/Q243430,Terence Hill,http://www.wikidata.org/entity/Q937303,Le meraviglie di Aladino,1961-01-01T00:00:00Z
http://www.wikidata.org/entity/Q221074,Bud Spencer,http://www.wikidata.org/entity/Q938137,Quo vadis,1951-01-01T00:00:00Z
http://www.wikidata.org/entity/Q221074,Bud Spencer,http://www.wikidata.org/entity/Q942657,Miami Supercops (I poliziotti dell'8ª strada),1985-11-01T00:00:00Z
http://www.wikidata.org/entity/Q243430,Terence Hill,http://www.wikidata.org/entity/Q942657,Miami Supercops (I poliziotti dell'8ª strada),1985-11-01T00:00:00Z
http://www.wikidata.org/entity/Q221074,Bud Spencer,http://www.wikidata.org/entity/Q943961,Il corsaro nero,1971-03-12T00:00:00Z
http://www.wikidata.org/entity/Q243430,Terence Hill,http://www.wikidata.org/entity/Q943961,Il corsaro nero,1971-03-12T00:00:00Z
http://www.wikidata.org/entity/Q243430,Terence Hill,http://www.wikidata.org/entity/Q964009,Il mio nome è Nessuno,1973-12-13T00:00:00Z
http://www.wikidata.org/entity/Q221074,Bud Spencer,http://www.wikidata.org/entity/Q970386,Io sto con gli ippopotami,1979-12-13T00:00:00Z
http://www.wikidata.org/entity/Q243430,Terence Hill,http://www.wikidata.org/entity/Q970386,Io sto con gli ippopotami,1979-12-13T00:00:00Z
http://www.wikidata.org/entity/Q243430,Terence Hill,http://www.wikidata.org/entity/Q1062054,Poliziotto superpiù,1980-01-01T00:00:00Z
http://www.wikidata.org/entity/Q221074,Bud Spencer,http://www.wikidata.org/entity/Q1070548,Dio perdona... io no!,1967-10-31T00:00:00Z
http://www.wikidata.org/entity/Q243430,Terence Hill,http://www.wikidata.org/entity/Q1070548,Dio perdona... io no!,1967-10-31T00:00:00Z
http://www.wikidata.org/entity/Q221074,Bud Spencer,http://www.wikidata.org/entity/Q1131511,Un esercito di 5 uomini,1969-10-16T00:00:00Z
http://www.wikidata.org/entity/Q221074,Bud Spencer,http://www.wikidata.org/entity/Q1163902,Vacanze col gangster,1951-01-01T00:00:00Z
http://www.wikidata.org/entity/Q221074,Bud Spencer,http://www.wikidata.org/entity/Q1192601,Bomber,1982-08-05T00:00:00Z
http://www.wikidata.org/entity/Q221074,Bud Spencer,http://www.wikidata.org/entity/Q1295110,Oggi a me... domani a te!,1968-03-28T00:00:00Z
http://www.wikidata.org/entity/Q221074,Bud Spencer,http://www.wikidata.org/entity/Q1571469,Si può fare... amigo,1971-01-01T00:00:00Z
http://www.wikidata.org/entity/Q221074,Bud Spencer,http://www.wikidata.org/entity/Q1576167,Annibale,1959-12-21T00:00:00Z
http://www.wikidata.org/entity/Q221074,Bud Spencer,http://www.wikidata.org/entity/Q1629592,Addio alle armi,1957-01-01T00:00:00Z
http://www.wikidata.org/entity/Q221074,Bud Spencer,http://www.wikidata.org/entity/Q1747484,Gott mit uns (Dio è con noi),1969-09-09T00:00:00Z
http://www.wikidata.org/entity/Q221074,Bud Spencer,http://www.wikidata.org/entity/Q2046014,Padre Speranza,2001-01-01T00:00:00Z
http://www.wikidata.org/entity/Q221074,Bud Spencer,http://www.wikidata.org/entity/Q3053517,Cantando dietro i paraventi,2003-01-01T00:00:00Z
http://www.wikidata.org/entity/Q221074,Bud Spencer,http://www.wikidata.org/entity/Q3546248,Al limite,1997-01-01T00:00:00Z
http://www.wikidata.org/entity/Q221074,Bud Spencer,http://www.wikidata.org/entity/Q3744742,Figli del vento,2000-06-16T00:00:00Z
http://www.wikidata.org/entity/Q221074,Bud Spencer,http://www.wikidata.org/entity/Q3754630,Fuochi d'artificio,1997-01-01T00:00:00Z
http://www.wikidata.org/entity/Q221074,Bud Spencer,http://www.wikidata.org/entity/Q3819870,L'ultimo gattopardo - Ritratto di Goffredo Lombardo,2010-01-01T00:00:00Z
http://www.wikidata.org/entity/Q221074,Bud Spencer,http://www.wikidata.org/entity/Q3927581,Quel fantasma di mio marito,1950-01-01T00:00:00Z
http://www.wikidata.org/entity/Q221074,Bud Spencer,http://www.wikidata.org/entity/Q3960575,Siluri umani,1954-01-01T00:00:00Z
http://www.wikidata.org/entity/Q221074,Bud Spencer,http://www.wikidata.org/entity/Q4003806,Un eroe dei nostri tempi,1955-01-01T00:00:00Z
http://www.wikidata.org/entity/Q221074,Bud Spencer,http://www.wikidata.org/entity/Q4004077,"Un sorriso, uno schiaffo, un bacio in bocca",1976-01-01T00:00:00Z
http://www.wikidata.org/entity/Q221074,Bud Spencer,http://www.wikidata.org/entity/Q16695037,Q16695037,1992-01-01T00:00:00Z
http://www.wikidata.org/entity/Q221074,Bud Spencer,http://www.wikidata.org/entity/Q27590220,Il cocco di mamma,1957-01-01T00:00:00Z
http://www.wikidata.org/entity/Q221074,Bud Spencer,http://www.wikidata.org/entity/Q30807542,Detective Extralarge: Bersaglio mobile,1992-01-01T00:00:00Z
http://www.wikidata.org/entity/Q221074,Bud Spencer,http://www.wikidata.org/entity/Q30809518,Q30809518,1993-01-01T00:00:00Z
http://www.wikidata.org/entity/Q221074,Bud Spencer,http://www.wikidata.org/entity/Q32999881,Q32999881,2017-06-23T00:00:00Z
http://www.wikidata.org/entity/Q243430,Terence Hill,http://www.wikidata.org/entity/Q1163902,Vacanze col gangster,1951-01-01T00:00:00Z
http://www.wikidata.org/entity/Q243430,Terence Hill,http://www.wikidata.org/entity/Q1198395,Barbagia,1969-01-01T00:00:00Z
http://www.wikidata.org/entity/Q243430,Terence Hill,http://www.wikidata.org/entity/Q1215151,Q1215151,1966-01-01T00:00:00Z
http://www.wikidata.org/entity/Q243430,Terence Hill,http://www.wikidata.org/entity/Q1233715,Doc West,2009-01-01T00:00:00Z
http://www.wikidata.org/entity/Q243430,Terence Hill,http://www.wikidata.org/entity/Q1255585,Il magnifico emigrante,1965-01-01T00:00:00Z
http://www.wikidata.org/entity/Q243430,Terence Hill,http://www.wikidata.org/entity/Q1351744,Un passo dal cielo,2011-01-01T00:00:00Z
http://www.wikidata.org/entity/Q243430,Terence Hill,http://www.wikidata.org/entity/Q1420968,Il vero e il falso,1972-04-07T00:00:00Z
http://www.wikidata.org/entity/Q243430,Terence Hill,http://www.wikidata.org/entity/Q1423362,I compari,1971-01-01T00:00:00Z
http://www.wikidata.org/entity/Q243430,Terence Hill,http://www.wikidata.org/entity/Q1497343,Operazione terzo uomo,1965-01-01T00:00:00Z
http://www.wikidata.org/entity/Q243430,Terence Hill,http://www.wikidata.org/entity/Q1576167,Annibale,1959-12-21T00:00:00Z
http://www.wikidata.org/entity/Q243430,Terence Hill,http://www.wikidata.org/entity/Q1788153,La spada e la croce,1958-01-01T00:00:00Z
http://www.wikidata.org/entity/Q243430,Terence Hill,http://www.wikidata.org/entity/Q2527933,Potenza virtuale,1997-01-01T00:00:00Z
http://www.wikidata.org/entity/Q243430,Terence Hill,http://www.wikidata.org/entity/Q2940586,Cartagine in fiamme,1959-01-01T00:00:00Z
http://www.wikidata.org/entity/Q243430,Terence Hill,http://www.wikidata.org/entity/Q3108858,Gli sbandati,1955-01-01T00:00:00Z
http://www.wikidata.org/entity/Q243430,Terence Hill,http://www.wikidata.org/entity/Q3203227,Giuseppe venduto dai fratelli,1960-01-01T00:00:00Z
http://www.wikidata.org/entity/Q243430,Terence Hill,http://www.wikidata.org/entity/Q3213477,La vena d'oro,1955-01-01T00:00:00Z
http://www.wikidata.org/entity/Q243430,Terence Hill,http://www.wikidata.org/entity/Q3223684,Il giorno più corto,1963-01-01T00:00:00Z
http://www.wikidata.org/entity/Q243430,Terence Hill,http://www.wikidata.org/entity/Q3224443,Il padrone delle ferriere,1959-01-01T00:00:00Z
http://www.wikidata.org/entity/Q243430,Terence Hill,http://www.wikidata.org/entity/Q3282673,Il viale della speranza,1953-01-01T00:00:00Z
http://www.wikidata.org/entity/Q243430,Terence Hill,http://www.wikidata.org/entity/Q3283372,Il dominatore dei 7 mari,1962-01-01T00:00:00Z
http://www.wikidata.org/entity/Q243430,Terence Hill,http://www.wikidata.org/entity/Q3547086,Anna di Brooklyn,1958-01-01T00:00:00Z
http://www.wikidata.org/entity/Q243430,Terence Hill,http://www.wikidata.org/entity/Q3664985,Cerasella,1959-01-01T00:00:00Z
http://www.wikidata.org/entity/Q243430,Terence Hill,http://www.wikidata.org/entity/Q3712040,Divisione Folgore,1954-01-01T00:00:00Z
http://www.wikidata.org/entity/Q243430,Terence Hill,http://www.wikidata.org/entity/Q3778078,Guaglione,1956-01-01T00:00:00Z
http://www.wikidata.org/entity/Q243430,Terence Hill,http://www.wikidata.org/entity/Q3791384,I vagabondi delle stelle,1956-01-01T00:00:00Z
http://www.wikidata.org/entity/Q243430,Terence Hill,http://www.wikidata.org/entity/Q3801189,"Io non protesto, io amo",1967-01-01T00:00:00Z
http://www.wikidata.org/entity/Q243430,Terence Hill,http://www.wikidata.org/entity/Q3811039,"Juke-box, urli d'amore",1959-01-01T00:00:00Z
http://www.wikidata.org/entity/Q243430,Terence Hill,http://www.wikidata.org/entity/Q3822300,La feldmarescialla,1967-01-01T00:00:00Z
http://www.wikidata.org/entity/Q243430,Terence Hill,http://www.wikidata.org/entity/Q3822655,La grande strada azzurra,1957-01-01T00:00:00Z
http://www.wikidata.org/entity/Q243430,Terence Hill,http://www.wikidata.org/entity/Q3828227,Lazzarella,1957-01-01T00:00:00Z
http://www.wikidata.org/entity/Q243430,Terence Hill,http://www.wikidata.org/entity/Q3844156,Mamma sconosciuta,1956-01-01T00:00:00Z
http://www.wikidata.org/entity/Q243430,Terence Hill,http://www.wikidata.org/entity/Q3921867,Primo amore,1959-01-01T00:00:00Z
http://www.wikidata.org/entity/Q243430,Terence Hill,http://www.wikidata.org/entity/Q3998121,Tre giorni d'anarchia,2004-01-01T00:00:00Z
http://www.wikidata.org/entity/Q243430,Terence Hill,http://www.wikidata.org/entity/Q4003928,Un militare e mezzo,1960-01-01T00:00:00Z
http://www.wikidata.org/entity/Q243430,Terence Hill,http://www.wikidata.org/entity/Q4004077,"Un sorriso, uno schiaffo, un bacio in bocca",1976-01-01T00:00:00Z
http://www.wikidata.org/entity/Q243430,Terence Hill,http://www.wikidata.org/entity/Q4011833,Villa Borghese,1953-01-01T00:00:00Z
http://www.wikidata.org/entity/Q243430,Terence Hill,http://www.wikidata.org/entity/Q7158603,Q7158603,1961-01-01T00:00:00Z
http://www.wikidata.org/entity/Q243430,Terence Hill,http://www.wikidata.org/entity/Q7939569,La voce del silenzio,1953-01-01T00:00:00Z
http://www.wikidata.org/entity/Q243430,Terence Hill,http://www.wikidata.org/entity/Q15857347,Q15857347,2009-01-01T00:00:00Z
http://www.wikidata.org/entity/Q243430,Terence Hill,http://www.wikidata.org/entity/Q20004776,L'età dell'amore,1953-01-01T00:00:00Z
http://www.wikidata.org/entity/Q243430,Terence Hill,http://www.wikidata.org/entity/Q28064472,Org,1979-01-01T00:00:00Z
http://www.wikidata.org/entity/Q243430,Terence Hill,http://www.wikidata.org/entity/Q30889321,La chiamavano Maryam,2018-01-01T00:00:00Z
http://www.wikidata.org/entity/Q243430,Terence Hill,http://www.wikidata.org/entity/Q32999881,Q32999881,2017-06-23T00:00:00Z
