Note,Cap,Insegna,Civico,Comune,Numero,Indirizzo,Frazione/Località,Categorie
"generi misti, bar - ristorante",38068,BAZZANELLA RENATA,30,Sover,1,Via del Lagorai,Piscine di Sover,"['BAR', 'RISTORANTE']"
esercizio commerciale,38051,CONFEZIONI MONTIBELLER S.R.L.,48,Borgo Valsugana,2,Corso Ausugum,,[]
"esercizio commerciale, attività artigianale",38051,FOTOGRAFICA TRINTINAGLIA UMBERTO S.N.C.,8,Borgo Valsugana,3,Largo Dordi,,[]
esercizio commerciale,38055,BAR SERAFINI DI MINATI RENZO,24,Grigno,4,,Serafini,['BAR']
,38066,SEMBENINI GINO & FIGLI S.R.L.,35,Riva del Garda,6,Via S. Francesco,,[]
,38015,HOTEL RISTORANTE PIZZERIA “ALLA NAVE”,29,Lavis,7,Via Nazionale,Nave San Felice,"['RISTORANTE', 'HOTEL', 'PIZZERIA']"
,38015,OBRELLI GIOIELLERIA DAL 1929 S.R.L.,33,Lavis,8,Via Roma,,[]
,38015,MACELLERIE TROIER S.A.S. DI TROIER DARIO E C.,13,Lavis,9,Via Roma,,[]
esercizio commerciale,38015,NARDELLI TIZIANO,5,Lavis,10,Piazza Manci,,[]
,38015,PASTICCERIA SILVANO DI ANDREOLLI SILVANO& C.,37,Lavis,11,Via Matteotti,,[]
esercizio commerciale,38015,LONA S.N.C. DI LONA ROBERTO & C.,1,Lavis,13,Piazza Manci,,[]
,38015,GADOTTI CALZATURE DI GADOTTI MARCO,59,Lavis,14,Via Matteotti,,['CALZATURE']
,38015,BAR LEON D’ORO DI DELLAI LORENA,4,Lavis,15,Piazza Cesare Battisti,,['BAR']
,38015,TURCO CALZATURE DI TURCO CORRADO,1,Lavis,16,Via Filzi,,['CALZATURE']
,38015,FARMACIA ROMANI DOTT. ALBERTO ERRIGO & C. S.N.C.,1,Lavis,17,Via Filzi,,['FARMACIA']
,38015,FAMIGLIA COOPERATIVA MEZZOLOMBARDO E PRESSANO SOC. COOP.,,Lavis,18,Piazza Giovanni della Croce,Pressano,['BAR']
,38066,CONFEZIONI DANTI DI PELKAN WILMA & C. S.A.S.,22,Riva del Garda,19,Viale San Francesco,,[]
attività artigianale,38057,DELUGAN GUIDO E GINO S.N.C.,32,Pergine Valsugana,20,Via Pennella,,[]
,38011,FRUTTA E VERDURA SPRINGHETTI GILBERTO,27,Cavareno,21,Piazza Prati,,[]
,38011,LARCHER SPORT,2,Cavareno,22,Via Moscabio,,['SPORT']
,38011,BAR GELATERIA EREDI CAVALLAR DOMENICO,21,Cavareno,23,Piazza Prati,,['BAR']
,38011,EDICOLA TABACCHI GENETTI ANNAMARIA,43,Cavareno,24,Via Roma,,['TABACCHI']
,38011,MERCERIE CATTARINI TIZIANA,12,Cavareno,25,Piazza Prati,,[]
,38011,ZANI FABIO S.A.S. FERRAMENTA,49,Cavareno,26,Via Roma,,['FERRAMENTA']
,38011,LATTERIA SOCIALE CAVARENO,19,Cavareno,27,Via Moscabio,,[]
,38057,RISTORANTE AL VOLT DI LABRIOLA MICHELANGELO,10,Pergine Valsugana,28,Piazza Municipio,,['RISTORANTE']
,38015,RISTORANTE PIZZERIA NUOVO CORONA DI PALMIERI TOMMASO,2,Lavis,29,Piazza Manci,,"['RISTORANTE', 'PIZZERIA']"
,38015,BAR ALBERGO CORONA S.N.C. DI PRONER RICCARDA & C.,6,Lavis,30,Piazza Manci,,"['BAR', 'ALBERGO']"
esercizio commerciale,38015,SARTORI GIUSEPPE & C. S.N.C. ,47,Lavis,31,Via Clementi,,[]
,38068,TORREFAZIONE CAFFE’ BONTADI,10,Rovereto,33,Vicolo del Messaggero,,[]
,38068,COLORIFICIO LUCIANO CARESIA DI DANIELA CARESIA, 50/A,Rovereto,34,Via Tartarotti,,[]
,38068,FARMACIA COBELLI,10,Rovereto,35,Via Mazzini,,['FARMACIA']
,38068,BAR MANIFATTURA, 5/6,Rovereto,36,Piazza Manifattura,,['BAR']
,38068,BAR DUE COLONNE,9,Rovereto,37,Piazza del Podestà,,['BAR']
,38068,"PANIFICIO COLLER S.N.C. DI COLLER CLAUDIO, ANDREA & C.",5,Rovereto,39,Largo S. Floriano,,['PANIFICIO']
,38068,CAPPELLERIA BACCA,39,Rovereto,40,Via Rialto,,[]
,38068,BAR-TRATTORIA BELLAVISTA,17,Rovereto,41,Via Paganini,,['BAR']
,38068,DROGHERIA MICHELI, 16/18,Rovereto,42,Via Mercerie,,[]
esercizio commerciale,38068,LAZZERI,32,Rovereto,43,Via Rialto,,[]
,38068,LOCOS BAR,7,Rovereto,44,Via Valbusa Grande,,['BAR']
,38068,FARMACIA S. MARCO,17,Rovereto,45,Piazza Erbe,,['FARMACIA']
,38068,B. SALVETTI FABBRICA OMBRELLI MERCERIE E MANIFATTURE,32,Rovereto,46,Piazza C. Battisti,,[]
,38068,MANIFATTURE ZOCCHE LUIGI,47,Rovereto,47,Via Roma,,[]
ristorante bar,38042,RISTORANTE BAR ALBERGO SERRAIA,3,Baselga di Piné,48,Viale della Serraia,,"['BAR', 'RISTORANTE', 'ALBERGO']"
,38042,BAR TAVOLA CALDA PIZZERIA ALPINO,3,Baselga di Piné,49,Corso Roma,,"['BAR', 'PIZZERIA']"
ristorante bar,38042,RISTORANTE BAR ALBERGO VILLA ANITA,21,Baselga di Piné,50,Via del Fosch,,"['BAR', 'RISTORANTE', 'ALBERGO']"
ristorante bar,38042,RISTORANTE BAR CA’ DEI BOCI,1,Baselga di Piné,51,Via Domenica Targa,Montagnaga,"['BAR', 'RISTORANTE']"
ristorante bar,38042,HOTEL BELVEDERE WELLNESS & FAMILY,1,Baselga di Piné,52,Via Domenica Targa,Montagnaga,"['BAR', 'RISTORANTE', 'HOTEL']"
,38042,BAR PASTI VELOCI GELATERIA PASTICCERIA PINETANA,61,Baselga di Piné,53,Corso Roma,,['BAR']
,38042,SEGHERIA E LEGNAMI DI SIGHEL RENZO,11,Baselga di Piné,54,Via Marconi,,[]
,38042,MACELLERIA SIGHEL SRL,49,Baselga di Piné,55,Via Cesare Battisti,,['MACELLERIA']
,38042,"FAMIGLIA COOPERATIVA ALTOPIANO DI PINE’ SCARL, PUNTO VENDITA",24,Baselga di Piné,56,Via 4 Novembre,Montagnaga,[]
,38042,"FAMIGLIA COOPERATIVA ALTOPIANO DI PINE’ SCARL, PUNTO VENDITA",9,Baselga di Piné,57,Via Roma,,[]
,38042,"FAMIGLIA COOPERATIVA ALTOPIANO DI PINE’ SCARL, PUNTO VENDITA", 6/3,Baselga di Piné,58,Via della Chiesa,Miola,[]
,38042,"FAMIGLIA COOPERATIVA ALTOPIANO DI PINE’ SCARL, PUNTO VENDITA",54,Baselga di Piné,59,Via dei Piani,Faida,[]
,38042,FARMACIA MORELLI S.N.C. DI MORELLI DOTT. GIUSEPPE & C.,93,Baselga di Piné,60,Via Cesare Battisti,,['FARMACIA']
,38042,ORTOFRUTTA - GRAPPOTECA DI ZANEI GIUSEPPE & C. S.N.C.,86,Baselga di Piné,61,Via Cesare Battisti,,[]
,38042,CALZATURE CARLIN,14,Baselga di Piné,62,Via Pergine,Montagnaga,['CALZATURE']
,38042,RIVENDITA TABACCHI N. 5 DI BROSEGHINI CATERINA,121,Baselga di Piné,63,Via Cesare Battisti,,['TABACCHI']
,38042,OTTICI DEFLORIAN MARANGONI DI MARANGONI DONATELLA,84,Baselga di Piné,64,Corso Roma,,[]
,38042,BAZAR IORIATTI LINO & C. S.N.C.,2,Baselga di Piné,65,Corso Roma,,['BAZAR']
,38042,MINIMERCATO DALSANT GIUSEPPINA & C. SAS,96,Baselga di Piné,66,,Rizzolaga / Campolongo,[]
,38042,PANIFICIO ANESI DI ANESI ALESSANDRO,77,Baselga di Piné,67,Corso Roma,,['PANIFICIO']
,38042,MACELLERIA FRANCESCHI ANDREA E C. SNC,34,Baselga di Piné,68,Corso Roma,,['MACELLERIA']
,38042,ORTOFRUTTA ALIMENTARI RAVANELLI RENZO,47,Baselga di Piné,69,Corso Roma,,['ALIMENTARI']
,38122,COLTELLERIA S. MARCO F.LLI VALENTINI SNC,1,Trento,70,Piazzetta Agostiniani,,[]
,38122,ANTICA TRATTORIA AL VOLT DI DANIELA CARESIA,16,Trento,71,Via Santa Croce,,[]
esercizio commerciale,38122,NATURERBE S.N.C.,7,Trento,72,Piazza Fiera,,[]
,38122,LA CANTINOTA RISTORANTE,22,Trento,73,Via San Marco,,['RISTORANTE']
,38064,OSTERIA COE DI PLOTEGHER CHRITIAN,7,Folgaria,74,Via Caduti Malga Zonta,Passo Coe,[]
bar,38064,JOHN CLUB SAS DI SCHÖNSBERG GIOVANNI & C.,52,Folgaria,75,Via E. Colpi,,['BAR']
,38064,RISTORANTE BAR HOTEL MARTINELLA DI PLOTEGHER STEFANO,53,Folgaria,76,Via Martinella,Serrada,"['BAR', 'RISTORANTE', 'HOTEL']"
,38064,RISTORANTE BAR ALBERGO TOMASI DI TOMASI MASSIMILIANO,108,Folgaria,77,Via E. Colpi,,"['BAR', 'RISTORANTE', 'ALBERGO']"
,38064,CASALINGHI MARTINO S.A.S. DI PERGHER GELMI BRUNA E FIGLI,131,Folgaria,78,Via E. Colpi,,[]
,38064,RISTORANTE ALBERGO MILANO DI CAPPELLETTI PAOLA,27,Folgaria,79,Via L. Cadorna,,"['RISTORANTE', 'ALBERGO']"
,38064,BAR PASTICCERIA DALSASS DI CUEL SILVANA & C. SNC,61,Folgaria,80,Via E. Colpi,,['BAR']
,38064,BAR CENTRALE DI CANALIA LUISA,26,Folgaria,81,Via Pasubio,Serrada,['BAR']
,38064,PIZZERIA SCOIATTOLO CENTER SERVICE DI COROTTI GIANDARLO & C. SAS,233,Folgaria,82,Via E. Colpi,,['PIZZERIA']
,38064,ORTOFRUTTA GASPEROTTI FULVIO,127,Folgaria,83,Via E. Colpi,,[]
,38064,ORTOFRUTTA VENERI PAOLO,85,Folgaria,84,Via Roma,,[]
,38064,MINIMARKET TARGHER S.A.S. DI TARGHER MAURO & C.,9,Folgaria,85,Via E. Colpi,,[]
,38064,PANIFICIO BARBETTI GUIDO DI BARBETTI BRUNO & C. S.N.C.,40,Folgaria,86,Via Nazioni Unite,Costa,"['BAR', 'PANIFICIO']"
,38064,RISTORANTE HOTEL ALPINO S.R.L.,170,Folgaria,87,Via E. Colpi,,"['RISTORANTE', 'HOTEL']"
,38064,RISTORANTE LOCANDA DA UGO DI LEITEMPERGHER ETTORE,343,Folgaria,88,Via E. Colpi,,['RISTORANTE']
,38064,BAZAR TABACCHI PEROTTO LUCIA ASSUNTA,45,Folgaria,89,Via G. Carducci,Carbonare,"['TABACCHI', 'BAZAR']"
,38064,FOTO OTTICA PLOTEGHER ALCIDE,143,Folgaria,90,Via E. Colpi,,[]
,38064,MINIMARKET SCALZERI GIANNA,14,Folgaria,91,Via A. Manzoni,Carbonare,[]
,38064,ANTICA MACELLERIA E SALUMERIA CAPPELLETTI DI CAPPELLETTI ANDREA,1,Folgaria,92,Via E. Colpi,,['MACELLERIA']
,38064,NEGOZIO MARIAROSA DI FESTI GIUSTINO,21,Folgaria,93,Via E. Colpi,,[]
,38064,MACELLERIA CANALIA MAURO,171,Folgaria,94,Via E. Colpi,,['MACELLERIA']
,38064,BAR RISTORANTE CONCA D’ORO DI GEROLA FIORENZO,160,Folgaria,95,,Fondo Grande,"['BAR', 'RISTORANTE']"
,38064,RISTORANTE BAR ALBERGO AL SOLE DI ALICE E MARIANNA DALPRA’ SNC,49,Folgaria,96,Via L. Nazionale,San Sebastiano,"['BAR', 'RISTORANTE', 'ALBERGO']"
,38064,EDICOLA RIVENDITA TABACCHI N° 3 DI WEGHER PAOLO, 71/73,Folgaria,97,Via Roma,,['TABACCHI']
,38064,MILLE COSE SNC DI PLOTEGHER MAURO E MICHELA & C.,135,Folgaria,98,Via E. Colpi,,[]
,38068,SPECIALITA’ ALIMENTARI DI PAOLO E GIANNI ALIMENTARI FINAROLLI DI GILBERTI PAOLO & C. S.N.C., 7-9,Rovereto,99,Via Mercerie,,['ALIMENTARI']
esercizio commerciale,38048,LUIGI ALDRIGHETTONI DI ALDRIGHETTONI GIOVANNI BATTISTA, 18/B,Rovereto,100,Via Paoli,,[]
,38033,RISTORANTE  BAR BENACO di NODARI GIOVANNI & C. S.A.S.,35,Torbole sul Garda,101,Via Benaco,,"['BAR', 'RISTORANTE']"
,38057,CAFFE’ ALEXANDER BERNARDI GIORGIO & C. SNC,4,Pergine Valsugana,102,Piazza Municipio,,[]
esercizio commerciale,38057,OCHNER LUIGI,20,Pergine Valsugana,103,Piazza Municipio,,[]
,38057,BAR AL PONTE di TARGA MATTEO,4,Pergine Valsugana,104,Via Al Ponte,,['BAR']
,38046,PANIFICIO BERTOLDI S.N.C. DI BERTOLDI FABIO & C.,105,Lavarone,106,,Gionghi,['PANIFICIO']
ristorante bar,38046,CERVO S.N.C. DI MARCHESI CARLO & F.LLI,2,Lavarone,107,Piazza Milano,,"['BAR', 'RISTORANTE']"
,38046,PICCOLO BAZAR DI GIONGO MARIO,96,Lavarone,108,,Gionghi,['BAZAR']
esercizio commerciale,38046,STENGHELE FRATELLI S.N.C. DI STENGHELE FRANCESCO GINO & C.,18,Lavarone,109,Via Trieste,,[]
,38046,RISTORANTE BAR HOTEL DU LAC DI GABRIELLI ANDREA & C. S.A.S.,32,Lavarone,110,Via Trieste,,"['BAR', 'RISTORANTE', 'HOTEL']"
,38046,FAMIGLIA COOPERATIVA LAVARONE S.C.A.R.L.,5,Lavarone,111,,Bertoldi,[]
esercizio commerciale,38057,DALSASSO EUGENIO,6,Pergine Valsugana,113,Via Piave,,[]
,38057,A.B. INTIMO DI BRUNELLI SILVANA E EVANGELISTI LUIGINO S.N.C.,18,Pergine Valsugana,114,Via Chimelli,,[]
ristorante,38057,LA ROTONDA DI BETTI MARCO & C. S.N.C.,37,Pergine Valsugana,115,Viale Venezia,,['RISTORANTE']
,38042,GIOIELLERIA ANDREATTA SAS DI ANDREATTA ALESSANDRO & C.,72,Baselga di Piné,116,Corso Roma,,[]
,38122,FARMACIA DE BATTAGLIA,20,Trento,117,Piazza Pasi,,['FARMACIA']
,38122,MOSER CICLI,63,Trento,119,Via Calepina,,[]
,38122,FOTO CINE LA ROTONDA,7,Trento,120,Via San Vigilio,,[]
,38068,FARMACIA DOTT. SANTONI,21,Rovereto,121,Piazza Filzi,,['FARMACIA']
,38079,OREFICERIA FRANCO GOTTARDI,50,Tione di Trento,122,Viale Dante,,[]
,38046,BAR BELEM DI BERTOLDI FRANCA,57,Lavarone,123,,Bertoldi,['BAR']
bar,38046,BAR ALBERGO NAZIONALE DI PACE ENLI & C. SNC,6,Lavarone,124,Piazza Milano, Cappella,"['BAR', 'ALBERGO']"
,38046,TABACCHI PACE ENLI,6,Lavarone,125,Piazza Milano, Cappella,['TABACCHI']
,38046,CASEIFICIO DEGLI ALTIPIANI E DEL VEZZENA S.C.A.,5,Lavarone,126,Via Marconi, Cappella,[]
,38062,FOTO EMANUELLI,2,Arco,127,Via S. Bernardino,,[]
,38062,BAZAR DEL POPOLO,16,Arco,128,Via Vergolano,,['BAZAR']
,38062,MANIFATTURE LOMBARDE,78,Arco,130,Via Segantini,,['BAR']
,38062,CALZATURE GIULIANI,105,Arco,131,Via Segantini,,['CALZATURE']
,38062,ALIMENTARI TRENTI,9,Arco,132,Via S. Bernardino,,['ALIMENTARI']
,38062,ZAMBONI TESSUTI,6,Arco,133,Piazza 3 Novembre,,[]
,38062,RISTORANTE HOTEL MARCHI,22,Arco,134,Via Ferrera,,"['RISTORANTE', 'HOTEL']"
,38062,RISTORANTE ALLA LEGA,8,Arco,135,Via Vergolano,,['RISTORANTE']
,38062,RISTORANTE BELVEDERE,2,Arco,136,Via Serafini,,['RISTORANTE']
,38122,PANIFICIO PULIN SAS,23,Trento,137,Via Cavour,,['PANIFICIO']
,38079,ANTICA MACELLERIA BALLARDINI,14,Tione di Trento,138,Via del Foro,,['MACELLERIA']
,38079,CARTOLIBRERIA B. ANTOLINI,5,Tione di Trento,139,Viale Dante,,[]
esercizio commerciale,38050,DI FLORIO MARIA TERESA,8,Cinte Tesino,140,Via del Moleta,,[]
,38065,FAMIGLIA COOEPRATIVA VALLE SAN FELICE,12,Mori,141,Piazza San Felice, Valle San Felice,[]
,38065,ABBIGLIAMENTO MAGANOTTI MARIA GRAZIA,15,Mori,142,Piazza Cal Di Ponte,,[]
,38065,TRATTORIA - BAR AL LAGO,1,Mori,143,Via del Garda, Loppio,['BAR']
,38065,FABBRICA RETI E MATERIASSI MENEGHELLI,32,Mori,144,Largo Villanuova,,[]
,38065,LA BOTTEGA DI GARUFFO LIA,51,Mori,145,Via Modena,,[]
,38065,VINERIA – BAR BAROLDI,35,Mori,146,Via Modena,,['BAR']
,38065,BAR SANI,16,Mori,147,Piazza Cal Di Ponte,,['BAR']
,38065,FORGIATURA MARCHIORI, 6/A,Mori,148,Via Monte Baldo,,[]
,38065,FERRAMENTA MALFATTI,4,Mori,149,Piazza Cal Di Ponte,,['FERRAMENTA']
,38065,OFFICINA BOMBARDELLI,96,Mori,150,Via Matteotti,,['BAR']
,38065,EDICOLA CARTOLERIA PERINI,28,Mori,151,Piazza Cal Di Ponte,,[]
,38065,ALIMENTARI MIORELLI,2,Mori,152,Via Modena,,['ALIMENTARI']
,38065,CAFFE’ DEL GELSO,3,Mori,153,Via Garibaldi,,[]
,38065,MACELLERIA TRANQUILLINI,1,Mori,154,Via Modena,,['MACELLERIA']
,38065,FARMACIA S. STEFANO,6,Mori,155,Via Malfatti,,['FARMACIA']
,38065,SUPERMARKET ZENI,6,Mori,156,Via Don  Sturzo,,[]
,38065,LAVANDERIA LA RINNOVA,65,Mori,157,Via Modena,,[]
,38065,PANIFICIO SARTORI,32,Mori,158,Piazza Cal Di Ponte,,['PANIFICIO']
,38067,BAR RISTORANTE ALBERGO ALLA COSTA,3,Ledro,159,Piazza Concei, Bezzecca,"['BAR', 'RISTORANTE', 'ALBERGO']"
,38067,BAR RISTORANTE ALBERGO ALLA PERLA,63,Ledro,160,Via Garibaldi, Tiarno di Sotto,"['BAR', 'RISTORANTE', 'ALBERGO']"
,38067,BAR RISTORANTE ALBERGO ALPINO,16,Ledro,161,Via Cassoni, Pieve di Ledro,"['BAR', 'RISTORANTE', 'ALBERGO']"
,38067,BAR RISTORANTE ALBERGO CASAVECCHIA, 11/A,Ledro,162,Via G. Marconi, Tiarno di Sopra,"['BAR', 'RISTORANTE', 'ALBERGO']"
,38067,BAR RISTORANTE ALBERGO MAGGIORINA,9,Ledro,163,Via XXIV Ottobre, Bezzecca,"['BAR', 'RISTORANTE', 'ALBERGO']"
,38067,BAR RISTORANTE ALBERGO VITTORIA,1,Ledro,164,Piazza Milin, Tiarno di Sopra,"['BAR', 'RISTORANTE', 'ALBERGO']"
,38067,BAR POSTA,93,Ledro,165,Via G. Marconi, Tiarno di Sopra,['BAR']
,38067,CAFFÈ BAR CENTRALE,7,Ledro,166,Piazza Garibaldi,Bezzecca,['BAR']
,38067,BAR RISTORANTE PIZZERIA CAMPEGGIO AL LAGO,7,Ledro,167,Via Alzer, Pieve di Ledro,"['BAR', 'RISTORANTE', 'PIZZERIA']"
,38067,CASARI FERRAMENTA,3,Ledro,168,Via Maffei,Molina di Ledro,['FERRAMENTA']
,38067,OFFICINA MECCANICA DISTRIBUTORE MAZZOLA,77,Ledro,169,Via Maffei,Molina di Ledro,[]
,38067,OFFICINA MECCANICA DISTRIBUTORE PELLEGRINI,8,Ledro,170,Via Nuova, Pieve di Ledro,[]
,38067,BAR RISTORANTE ECO AMBIENTI HOTEL ELDA,3,Ledro,171,Via III Giugno, Lenzumo,"['BAR', 'RISTORANTE', 'HOTEL']"
,38067,FARMACIA FOLETTO,11,Ledro,172,Via Vittoria, Pieve di Ledro,['FARMACIA']
,38067,BAR RISTORANTE HOTEL CADRIA,25,Ledro,173,Via Unità d’Italia, Lenzumo,"['BAR', 'RISTORANTE', 'HOTEL']"
,38067,BAR RISTORANTE HOTEL LIDO,1,Ledro,174,Via Pribram, Pieve di Ledro,"['BAR', 'RISTORANTE', 'HOTEL']"
,38067,BAR RISTORANTE HOTEL MEZZOLAGO, 4/6,Ledro,175,Via Lungolago, Mezzolago,"['BAR', 'RISTORANTE', 'HOTEL']"
,38067,LA BOTTEGA DELL’ARTIGIANO,22,Ledro,176,Via Vittoria, Pieve di Ledro,[]
,38067,MACELLERIA CIS MASSIMO,8,Ledro,177,Via XXI Luglio,Bezzecca,['MACELLERIA']
,38067,MACELLERIA ZECCHINI,13,Ledro,178,Piazza Obbedisco,Bezzecca,['MACELLERIA']
,38067,OSTERIA LA TORRE,28,Ledro,179,Via Vittoria, Pieve di Ledro,[]
,38067,PANIFICIO F.LLI TOMASONI S.A.S.,5,Ledro,180,Via C. Battisti,Bezzecca,['PANIFICIO']
rifugio escursionistico,38067,RIFUGIO AL FAGGIO,,Ledro,181,Località al Faggio, Concei,[]
,38067,RIBAGA SELF SERVICE,65,Ledro,182,Via Vittorio Emanuele, Tiarno di Sopra,[]
,38035,BAR RISTORANTE FALORIA,17,Moena,183,Piaz De Sotegrava,,"['BAR', 'RISTORANTE']"
,38035,CASABELLA IDEE REGALO,10,Moena,184,Cort Del Batesta,,[]
,38035,ARTICOLI DA REGALO LIBRERIA CROCE MARIA CRISTINA,1,Moena,185,Piaz De Ramon,,[]
esercizio commerciale,38035,EN SLUCK,4,Moena,186,Strada Cerilo Dellantonio Bora,,[]
,38035,FARMACIA DOTT. RIGONI,2,Moena,187,Strada Cerilo Dellantonio Bora,,['FARMACIA']
,38035,BAR HOTEL CAVALLETTO,1,Moena,188,Strada De Fachin,,"['BAR', 'HOTEL']"
,38035,BAR HOTEL MARIA,1,Moena,189,Strada De Sen Pelegrin,,"['BAR', 'HOTEL']"
,38035,IELLICI SPORT CALZATURE,62,Moena,190,Piaz De Ramon,,"['CALZATURE', 'SPORT']"
,38035,MODE SPORT,48,Moena,191,Piaz De Ramon,,['SPORT']
,38035,BAR HOTEL MANZONI,14,Moena,192,Sen Pelegrin,,"['BAR', 'HOTEL']"
,38035,BAR RISTORANTE LO SFIZIO,32,Moena,193,Piaz De Ramon,,"['BAR', 'RISTORANTE']"
,38035,BAR SPORTHOTEL SAN VIGILIO,23,Moena,194,L Vial,,"['BAR', 'HOTEL', 'SPORT']"
,38035,CALZATURE ZANONER,8,Moena,195,Strada Ermanno Zanoner – Canori,,['CALZATURE']
,38028,ALIMENTARI MANINFIOR ANITA,51,Revò,196,Via C. A. Martini,,['ALIMENTARI']
,38028,ALIMENTARI SANDRI,2,Revò,197,Via C. A. Martini,,['ALIMENTARI']
,38028,ALIMENTARI WEGHER GIOVANNA,,Revò,198,Piazza S. Maurizio, Tregiovo,['ALIMENTARI']
,38028,BAR ZILLER,19,Revò,199,Via C. A. Martini,,['BAR']
,38028,CALZATURIFICIO ROSSI LUIGI DI ROSSI DIEGO,53,Revò,200,Via C. A. Martini,,[]
,38028,CASEIFICIO SOCIALE MONTE OZOLO,2,Revò,201,Via Dei Maurini Bassi,,[]
,38028,CONFEZIONI ZILLER,7,Revò,202,Via C. A. Martini,,[]
,38028,ELETTROMARTINI,8,Revò,203,Piazza della Madonna Pellegrina,,[]
,38028,FABBRO GENTILINI MAURIZIO,45,Revò,204,Via C. A. Martini,,[]
,38028,FARMACIA SILVESTRI LUCIANA,4,Revò,205,Via J. A. Maffei,,['FARMACIA']
,38028,FERRAMENTA FERRARI GIULIANO,13,Revò,206,Via C. A. Martini,,['FERRAMENTA']
,38028,SALUMIFICIO ARTIGIANALE FLAIM,9,Revò,207,Via C. A. Martini,,[]
,38028,BAR RISTORANTE HOTEL REVÒ,13,Revò,208,Via G. Verdi,,"['BAR', 'RISTORANTE', 'HOTEL']"
,38037,ARTICOLI SPORTIVI DI VARESCO MARIO & C. SNC,10,Predazzo,209,Via Prai de Mont, Bellamonte,['SPORT']
,38037,FOTO BONINSEGNA,27,Predazzo,210,Via Trento,,[]
,38037,CASALINGHI MORANDINI,32,Predazzo,211,Via Trento,,[]
,38037,CEMIN SPORT,9,Predazzo,212,Piazza SS. Filippo e Giacomo,,['SPORT']
,38037,EL MAMA FERRAMENTA,1,Predazzo,213,Via Garibaldi,,['FERRAMENTA']
,38037,SUPERMERCATO FAMIGLIA COOPERATIVA,21,Predazzo,214,Via C. Battisti,,[]
,38037,CALZATURE GARDENER,26,Predazzo,215,Via Roma,,['CALZATURE']
,38037,MACELLERIA DELLANTONIO,2,Predazzo,217,Via C. Battisti,,['MACELLERIA']
,38037,OREFICERIA TONINI,15,Predazzo,218,Via C. Battisti,,[]
,38037,CALZATURE SEBER SANDRA,5,Predazzo,219,Piazza SS. Filippo e Giacomo,,['CALZATURE']
,38037,BAR RISTORANTE ALBERGO ANTICO,19,Predazzo,220,Via Prai de Mont, Bellamonte,"['BAR', 'RISTORANTE', 'ALBERGO']"
,38037,BAR RISTORANTE ALBERGO MONTANARA,110,Predazzo,221,Via Indipendenza,,"['BAR', 'RISTORANTE', 'ALBERGO']"
,38037,BAR RISTORANTE ALBERGO ROSA,30,Predazzo,222,Via Garibaldi,,"['BAR', 'RISTORANTE', 'ALBERGO']"
,38037,BAR RISTORANTE ALBERGO STELLA ALPINA,9,Predazzo,223,Via Prai de Mont, Bellamonte,"['BAR', 'RISTORANTE', 'ALBERGO']"
,38037,BAR RISTORANTE ALBERGO VINELLA,76,Predazzo,224,Via Mazzini,,"['BAR', 'RISTORANTE', 'ALBERGO']"
,38037,BAR RISTORANTE ALBERGO ANCORA,1,Predazzo,225,Via IX Novembre,,"['BAR', 'RISTORANTE', 'ALBERGO']"
,38037,BAR RISTORANTE ALBERGO BELLARIA,20,Predazzo,226,Corso Degasperi,,"['BAR', 'RISTORANTE', 'ALBERGO']"
,38037,BAR RISTORANTE ALBERGO TOURING,5,Predazzo,227,Via Trento,,"['BAR', 'RISTORANTE', 'ALBERGO']"
,38037,BAR CAORER,11,Predazzo,228,Vicolo del Caorer,,['BAR']
,38037,BAR EL PIRLE,32,Predazzo,229,Via Dante,,['BAR']
,38037,CAFFÈ CROCE,5,Predazzo,230,Via Dellagiacoma,,[]
,38037,BAR RISTORANTE MIOLA,1,Predazzo,231,,Miola,"['BAR', 'RISTORANTE']"
,38050,RISTORANTE BAR ALBERGO VILLA ROSA,19,Roncegno Terme,233,Via San Giuseppe,,"['BAR', 'RISTORANTE', 'ALBERGO']"
,38050,RISTORANTE PALACE HOTEL,1,Roncegno Terme,234,Palace Hotel,,"['RISTORANTE', 'HOTEL']"
,38050,BAR RISTORANTE ALBERGO ALLA STAZIONE,20,Roncegno Terme,235,Via Nazionale, Marter,"['BAR', 'RISTORANTE', 'ALBERGO']"
,38050,MACELLERIA HOFFER ELISA,2,Roncegno Terme,236,Via San Giuseppe,,['MACELLERIA']
,38050,FAMIGLIA COOPERATIVA LAGORAI,9,Roncegno Terme,237,Piazza Montebello,,[]
,38050,MACELLERIA HOFFER FABRIZIO,2,Roncegno Terme,238,Via Battaglione Basseggio,,['MACELLERIA']
,38050,ALIMENTARI HOFFER NICOLETTA,,Roncegno Terme,239,Piazza Achille De Giovanni,,['ALIMENTARI']
,38050,RISTORANTE ALBERGO GARNÌ VITTORIA,1,Roncegno Terme,240,Via San Giuseppe,,"['RISTORANTE', 'ALBERGO']"
,38033,CASALINGHI BERTAGNOLLI FERRAMENTA, 8/9,Cavalese,241,Piazza Dante,,['FERRAMENTA']
,38033,PASTICCERIA COSE BUONE DA PAOLO,12,Cavalese,242,Piazza Scopoli,,[]
,38033,TABARELLI GIORNALI TABACCHI SOUVENIR,11,Cavalese,243,Piazza Verdi,,"['BAR', 'TABACCHI']"
esercizio commerciale,38033,VIDEO UNO,7,Cavalese,244,Piazza Scopoli,,[]
,38033,CORNICI PLASTICOLOR SELLE,10,Cavalese,245,Via IX Novembre,,[]
,38033,CARTOLIBRERIA SPAZZALI,13,Cavalese,246,Piazza Scopoli,,[]
,38033,RISTORANTE HOTEL LA STUA,2,Cavalese,247,Via Baldieroni,,"['RISTORANTE', 'HOTEL']"
,38056,RISTORANTE VECCHIA FONTANA,38,Levico Terme,248,Piazza Venezia,,['RISTORANTE']
,38056,BAR MASO AL VETRIOLO VECCHIO,49,Levico Terme,249,,Vetriolo,['BAR']
,38056,MACELLERIA DEL CENTRO,3,Levico Terme,250,Via Garibaldi,,['MACELLERIA']
,38056,FARMACIA DE PREZ,29,Levico Terme,251,Via Dante,,['FARMACIA']
,38056,BAR-ALBERGO NAZIONALE,,Levico Terme,252,Via Della Chiesa di Santa Giuliana,,"['BAR', 'ALBERGO']"
,38056,RISTORANTE-BAR-ALBERGO GARDEN,22,Levico Terme,253,Viale Vittorio Emanuele,,"['BAR', 'RISTORANTE', 'ALBERGO']"
,38056,FRIGO PRODOTTI TIPICI,4,Levico Terme,254,Via Regia,,[]
,38056,ALIMENTARI CONCI SAMUELA,13,Levico Terme,255,Piazza Venezia,,['ALIMENTARI']
,38056,RISTORANTE-BAR-ALBERGO G.H. BELLAVISTA,,Levico Terme,256,Viale Vittorio Emanuele,,"['BAR', 'RISTORANTE', 'ALBERGO']"
,38056,MOBILI ARESE,,Levico Terme,257,Viale Stazione,,[]
,38056,FIORERIA OGNIBENI IVANA,69,Levico Terme,258,Via Garibaldi,,[]
,38056,ANTICA FARMACIA ROMANESE,12,Levico Terme,259,Via Regia,,['FARMACIA']
,38056,MERCERIE VERGOT,1,Levico Terme,260,Via Regia,,[]
,38056,CASALINGHI-ELETTRODOMESTICI TADDEI GIULIANO,66,Levico Terme,261,Via Garibaldi,,[]
,38056,ORTOFRUTTA SCAPIN GIANNI,49,Levico Terme,262,Via Cavour,,[]
,38056,LANA MODA,19,Levico Terme,263,Via Regia,,[]
,38056,VIVISPORT S.N.C.,11,Levico Terme,264,Via Regia,,['SPORT']
,38056,CONCESSIONARIA BASSETTI,22,Levico Terme,265,C.so Centrale,,[]
,38056,BAR AL CONTE,8,Levico Terme,266,Via Regia,,['BAR']
,38056,BAR CAMINETTO,22,Levico Terme,267,Via Dante,,['BAR']
,38056,RISTORANTE-BAR ANTICA ROSA,,Levico Terme,268,Via Garibaldi,,"['BAR', 'RISTORANTE']"
,38056,EDICOLA PASSERINI ALBERTO,,Levico Terme,269,Via Guglielmo Marconi,,[]
,38056,BAR LINO,8,Levico Terme,270,Via Dante,,['BAR']
,38056,BAR SERENA,21,Levico Terme,271,Via Regia,,['BAR']
,38056,RISTORANTE-BAR SANDRO,,Levico Terme,272,Via Domenico Mons. Caproni,,"['BAR', 'RISTORANTE']"
,38056,DALSASSO ABBIGLIAMENTO,34,Levico Terme,273,Via Dante,,[]
esercizio commerciale,38057,GIOVANNINI LUISA,,Pergine Valsugana,274,Via C. Battisti n. 19,,[]
,38050,BAR - RISTORANTE ALBERGO AL BIVIO,169,Imer,275,Via Nazionale,,"['BAR', 'RISTORANTE', 'ALBERGO']"
,38050,RISTORANTE ALBERGO AL LAGO,9,Imer,276,,Pontet,"['RISTORANTE', 'ALBERGO']"
,38050,B. & B. LEGNO DI BETTEGA GRAZIANO & C. S.N.C.,1,Imer,277,Via Casabianca,,[]
,38050,BAR OBBER,62,Imer,278,Via Nazionale,,['BAR']
,38050,DARIO SPORT DI BETTEGA ROBERTO & C. S.A.S.,76,Imer,279,Via Nazionale,,['SPORT']
,38050,FALEGNAMERIA FRATELLI BONINSEGNA SNC,11,Imer,280,,Giare,[]
,38050,FAMIGLIA COOPERATIVA IMER,101,Imer,281,Via Nazionale,,[]
bar - esercizio commerciale,38070,CANTINOTA,,Vallelaghi,282,Via Nazionale n. 15,Padergnone,['BAR']
esercizio commerciale,38066,FERRAGLIA VITTORIO,8,Riva del Garda,284,Piazza G. Garibaldi,,[]
,38066,OTTICA ARMANI,23,Riva del Garda,285,Via Gazzoletti,,[]
,38122,FARMACIA S. CHIARA,57,Trento,286,Via S. Croce ,,['FARMACIA']
,38122,BIRRERIA PEDAVENA,13,Trento,287,Piazza Fiera,,[]
esercizio commerciale,38122,VIGILIO FRANZINELLI,13,Trento,288,Vicolo del Liceo,,[]
ristorante,38122,EL MERICAN,50,Trento,289,Via Torre Verde,,['RISTORANTE']
,38122,FOTO RENSI,28,Trento,290,Via Marchetti,,[]
,38122,OROLOGERIA M. GROPPA,21,Trento,291,Via degli Orbi,,[]
,38122,FAMIGLIA COOPERATIVA DI POVO,8,Trento,292,Piazza Manci,,[]
,38051,CALZATURE E PELLETTERIE CAPPELLO,5,Borgo Valsugana,293,Scala al Convento,,['CALZATURE']
,38051,BOTTEGA DEL COLORE,43,Borgo Valsugana,294,Corso Ausugum,,[]
esercizio commerciale,38051,VULCANO STORE,5,Borgo Valsugana,295,Via Spagolla,,[]
esercizio commerciale,38051,ARCOBALENO,12,Borgo Valsugana,296,Corso Ausugum,,[]
esercizio commerciale,38051,SEGNANA,15,Borgo Valsugana,297,Via Temanza,,[]
esercizio commerciale,38051,CAMBO,1,Borgo Valsugana,298,Piazza Martiri Resistenza,,[]
esercizio commerciale,38051,GANARIN,15,Borgo Valsugana,299,Via B. Venezia,,[]
esercizio commerciale,38051,BELLUCCO, 60 - 66,Borgo Valsugana,300,Corso Ausugum,,[]
esercizio commerciale,38051,AGOSTINI,32,Borgo Valsugana,301,Corso Ausugum,,[]
esercizio commerciale,38051,PAGNUSAT,26,Borgo Valsugana,302,Corso Ausugum,,[]
,38051,BAR CUSSO,17,Borgo Valsugana,303,Piazza Dante,,['BAR']
,38051,CAFFÈ PASTICCERIA ZITA,15,Borgo Valsugana,304,Piazza De Gasperi,,[]
,38051,BAR MILANO,7,Borgo Valsugana,305,Piazza Romani,,['BAR']
esercizio commerciale,38051,DALSASSO,15,Borgo Valsugana,306,Piazza Dante,,[]
esercizio commerciale,38051,COMUNELLO,19,Borgo Valsugana,307,Corso Ausugum,,[]
,38054,MACELLERIA BAGGETTO,4,Primiero San Martino di Castrozza,308,Via Giuseppe Terrabugio,Fiera di Primiero,['MACELLERIA']
,38054,CALZATURE TAMANINI,5,Primiero San Martino di Castrozza,309,Via Giuseppe Terrabugio,Fiera di Primiero,['CALZATURE']
,38054,FARMACIA ALLA MADONNA,28,Primiero San Martino di Castrozza,310,Via Guadagnini,Fiera di Primiero,['FARMACIA']
,38054,BELLOTTO GIOIELLI,,Primiero San Martino di Castrozza,311,Salita Luigi Negrelli,Fiera di Primiero,[]
,38054,CANTINA CESARI,,Primiero San Martino di Castrozza,312,Via San Francesco,Fiera di Primiero,[]
,38054,ARREDAMENTI GUBERT FRANCO,4,Primiero San Martino di Castrozza,313,Via San Francesco,Fiera di Primiero,[]
,38054,PASTICCERIA GIOVANNA SIMION,5,Primiero San Martino di Castrozza,314,Piazzetta del Dazio,Fiera di Primiero,[]
,38054,SPORTING GAIO,40,Primiero San Martino di Castrozza,315,Via Giuseppe Terrabugio,Fiera di Primiero,['SPORT']
,38054,FOTO OTTICA GILLI,33,Primiero San Martino di Castrozza,316,Via Giuseppe Garibaldi,Fiera di Primiero,[]
esercizio commerciale,38054,CREPAZ FLORIO,14,Primiero San Martino di Castrozza,317,Via San Francesco,Fiera di Primiero,[]
,38054,RISTORANTE BAR ALBERGO DOLOMITI,9,Primiero San Martino di Castrozza,318,Viale Piave,Fiera di Primiero,"['BAR', 'RISTORANTE', 'ALBERGO']"
,38054,ORTOFRUTTA MELCHIORI,16,Primiero San Martino di Castrozza,319,Via San Francesco,Fiera di Primiero,[]
,38054,BAR AQUILA NERA,9,Primiero San Martino di Castrozza,320,Piazza Cesare Battisti,Fiera di Primiero,['BAR']
,38054,LAVASECCO LA RAPIDA,1,Primiero San Martino di Castrozza,321,Piazza Cesare Battisti,Fiera di Primiero,[]
esercizio commerciale,38054,GAUDENZI FRANCESCO,14,Primiero San Martino di Castrozza,322,Via Terrabugio,Fiera di Primiero,[]
,38054,TROTTER CALZATURE,6,Primiero San Martino di Castrozza,323,Via Giuseppe Garibaldi,Fiera di Primiero,['CALZATURE']
,38054,MACELLERIA GADENZ,18,Primiero San Martino di Castrozza,324,Via Fiume,Fiera di Primiero,['MACELLERIA']
esercizio commerciale,38054,GADENZ SEBASTIANO,3,Primiero San Martino di Castrozza,325,Via Fiume,Fiera di Primiero,[]
,38054,BAR TABACCHI WEISS,3,Primiero San Martino di Castrozza,326,Piazza Luigi Negrelli,Fiera di Primiero,"['BAR', 'TABACCHI']"
,38057,BETTY BAR,11,Pergine Valsugana,327,Via alla Malga,Susà,['BAR']
,38077,ARREDI MORELLI,11,Comano Terme,328,Via Marconi,Ponte Arche,[]
,38077,PANIFICIO ZANONI,26,Comano Terme,329,Piazza Mercato,Ponte Arche,['PANIFICIO']
esercizio commerciale,38122,LEONARDI ANTONIO,68,Trento,330,Via S. Pietro,,[]
,38122,RISTORANTE PIZZERIA VESUVIO,103,Trento,331,Via Malvasia,,"['RISTORANTE', 'PIZZERIA']"
esercizio commerciale,38062,BERLANDA LA NASCENTE,67,Arco,332,Via Segantini,,[]
,38062,NEGRI FIORI,28,Arco,333,Via Vergolano,,[]
esercizio commerciale,38062,TORBOLI MARCO,24,Arco,334,Via Segantini,,[]
pubblico esercizio esercizio commerciale,38057,ALPINA,21,Pergine Valsugana,335,Via della Predolcia,Viarago,[]
,38010,RISTORANTE BAR HOTEL STELLA DELLE ALPI,41,Ronzone,336,Via Mendola,,"['BAR', 'RISTORANTE', 'HOTEL']"
,38010,RISTORANTE BAR HOTEL REGINA DEL BOSCO,48,Ronzone,337,Via Mendola,,"['BAR', 'RISTORANTE', 'HOTEL']"
esercizio commerciale,38010,LA BOTTEGA,27,Ronzone,338,Via Mendola,,[]
,38011,SEGHERIA IMBALLAGGI ABRAM SILVIO & C. SNC,2,Sarnonico,339,Via Cesare Battisti,,[]
,38011,RISTORANTE HOTEL IL FALCHETTO,,Sarnonico,340,,Regole,"['RISTORANTE', 'HOTEL']"
,38011,BAR RISTORANTE REGOLE,,Sarnonico,341,,Regole,"['BAR', 'RISTORANTE']"
,38011,DE LUCA FABIO FABBRO,8,Sarnonico,342,Via Cesare Battisti,,[]
,38011,BAR CENTRALE,30,Sarnonico,343,Via Cesare Battisti,,['BAR']
,38011,BAR RISTORANTE PIZZERIA LA RUSTICA,31,Sarnonico,344,Via Cesare Battisti,,"['BAR', 'RISTORANTE', 'PIZZERIA']"
,38050,FAMIGLIA COOPERATIVA MARTER,11,Roncegno,345,Via Nazionale,Marter,[]
,38050,CARTOLERIA DI HOFFER LEOPOLDA,1,Roncegno,346,Via A. Pola,,[]
,38079,PANE LATTE DOLCIUMI DI PAROLARI LUCIANA,19,Tione di Trento,347,Via 3 Novembre,,[]
,38010,FAMIGLIA COOPERATIVA CONAD,6,Romeno,348,Piazza Cooperazione,,[]
,38010,MACELLERIA ENDRIZZI SERGIO,7,Romeno,349,Piazza Romana,,['MACELLERIA']
,38010,IL FORNO DE BIASI,9,Romeno,350,Piazza Graiff,,[]
,38010,FALEGNAMERIA ROSATI ELIO,59,Romeno,351,Via San Bartolomeo,,[]
,38010,BAZAR DI FRANCISCI MARIANGELA,24,Romeno,352,Piazza Lampi,,['BAZAR']
,38010,PIZZERIA ANAUNIA,80,Romeno,353,Via 4 Novembre,,['PIZZERIA']
,38010,BAR CENTRALE DI CAIO E LORENZA,5,Romeno,354,Piazza Romana,,['BAR']
,38010,CASEIFICIO SOCIALE,62,Romeno,355,Via Alla Piena,,[]
,38010,ARTICOLI REGALO SARCLETTI,14,Romeno,356,Via Al Castello, Malgolo,[]
,38010,LATTONIERE PLAGA MATTEO,2,Romeno,357,Via SS. Martiri d’Anaunia, Salter,[]
,38010,MOBILIFICIO FRANCISCI,53,Romeno,358,Via 4 Novembre,,[]
,38010,ROEN MODE DI COGOI LUCA,17,Romeno,359,Via 4 Novembre,,[]
,38060,OSTARIA DELE STRIE,10,Nogaredo,360,Piazza Centrale,,[]
,38060,FAMIGLIA COOPERATIVA NOGAREDO,15,Nogaredo,361,Via Verdi,,[]
,38060,PARISI BRUNA ALIMENTARI,1,Nogaredo,362,Via Del Ponte,Brancolino,['ALIMENTARI']
,38060,MOBILI BETTINI,12,Nogaredo,363,Via San Biagio,,[]
,38060,BAR TRATTORIA AI MOLINI,7,Nogaredo,364,Via Molini,Molini,['BAR']
,38070,BAR PIZZERIA AI TRE FAGGI,31,Vallelaghi,365,Strada Laghi di Lamar,Terlago,"['BAR', 'PIZZERIA']"
,38017,RISTORANTE ALBERGO AL BORGHETTO,10,Mezzolombardo,366,Via E. de Varda,,"['RISTORANTE', 'ALBERGO']"
,38017,BOTTAMEDI CALZATURE,49,Mezzolombardo,367,Corso Mazzini,,['CALZATURE']
,38017,FERRAMENTA TOMASI,53,Mezzolombardo,368,Corso Mazzini,,['FERRAMENTA']
esercizio commerciale,38017,ZENI,11,Mezzolombardo,369,Corso Mazzini,,[]
esercizio commerciale,38017,TAIT,21,Mezzolombardo,370,Corso Mazzini,,[]
,38017,BAZAR TAIT MERCERIE,30,Mezzolombardo,371,Via Roma,,['BAZAR']
,38017,ABBIGLIAMENTO MAURINA,2,Mezzolombardo,372,Via De Gasperi,,[]
,38017,OREFICERIA G. CASNA,8,Mezzolombardo,373,Corso Mazzini,,[]
,38017,TESSUTI MANZATTI,6,Mezzolombardo,374,Piazza Cassa di Risparmio,,[]
,38017,PESCHERIA ROAT ROMANO,12,Mezzolombardo,375,Via 4 Novembre,,[]
,38017,OTTICA PIZZI,20,Mezzolombardo,376,Via A. de Varda,,[]
 generi di monopolio,38017,WEBER LILIANA,15,Mezzolombardo,377,Corso Libertà,,[]
esercizio commerciale,38017,TAIT GIUDITTA,40,Mezzolombardo,378,Via De Gasperi,,[]
esercizio commerciale,38017,BOZ GIUSEPPE,12,Mezzolombardo,379,Corso Mazzini,,[]
,38017,LA CASA DELLA RADIO,9/A,Mezzolombardo,380,Via A. de Varda,,[]
esercizio commerciale,38017,FEDRIZZI VIGILIO & C. S.N.C.,5,Mezzolombardo,381,Corso del Popolo,,[]
esercizio commerciale,38017,FEDRIZZI ROSANNA E C. S.N.C.,5,Mezzolombardo,382,Corso del Popolo,,[]
,38018,PUNTO CASA,21,Molveno,383,Via Roma,,[]
,38018,RISTORANTE ALPOTEL VENEZIA,10,Molveno,384,Via Nazionale,,['RISTORANTE']
,38018,FRUTTA VERDURA DI GIORDANI ADELIO, 5/a,Molveno,385,P. Marconi,,[]
,38018,CENTRAL MARKET,1,Molveno,386,Via Paganella,,[]
,38018,BAR ALBERGO ITALIA,9,Molveno,387,Via Lungolago,,"['BAR', 'ALBERGO']"
,38018,RISTORANTE HOTEL MIRALAGO,3,Molveno,388,Piazza Scuole,,"['RISTORANTE', 'HOTEL']"
,38018,RISTORANTE HOTEL EXCELSIOR,41,Molveno,389,Via Nazionale,,"['RISTORANTE', 'HOTEL']"
,38018,BAR CRISTALLO,2,Molveno,390,Piazza Scuole,,['BAR']
,38018,ZENI CALZATURE,6,Molveno,391,Via Roma,,['CALZATURE']
,38018,MACELLERIA SPRINGHETTI,14,Molveno,392,Via Roma,,['MACELLERIA']
,38018,RISTORANTE HOTEL LONDRA,34,Molveno,393,Via Nazionale,,"['RISTORANTE', 'HOTEL']"
,38018,RISTORANTE ALEXANDER HOTEL,7,Molveno,394,Piazza Scuole,,"['RISTORANTE', 'HOTEL']"
,38018,RISTORANTE HOTEL BELVEDERE,9,Molveno,395,Via Nazionale,,"['RISTORANTE', 'HOTEL']"
,38018,BAR RISTORANTE HOTEL EUROPA,13,Molveno,396,Via Nazionale,,"['BAR', 'RISTORANTE', 'HOTEL']"
,38018,RISTORANTE HOTEL AURORA,8,Molveno,397,Via Belvedere,,"['RISTORANTE', 'HOTEL']"
,38018,RISTORANTE HOTEL PANORAMA,45,Molveno,398,Via Nazionale,,"['RISTORANTE', 'HOTEL']"
,38018,RISTORANTE HOTEL MOLVENO,18,Molveno,399,Via Bettega,,"['RISTORANTE', 'HOTEL']"
,38018,RISTORANTE PIZZERIA AL CAMINETTO,4,Molveno,400,Via Lungolago,,"['RISTORANTE', 'PIZZERIA']"
,38018,RISTORANTE HOTEL GLORIA,15,Molveno,401,Via Lungolago,,"['RISTORANTE', 'HOTEL']"
,38018,RISTORANTE ALBERGO STELLA ALPINA,6,Molveno,402,Via Cesare Battisti,,"['RISTORANTE', 'ALBERGO']"
,38018,CENTRO FOTO OTTICA,3,Molveno,403,Piazza S. Carlo,,[]
,38018,RISTORANTE ALBERGO DEL BRENTA,,Molveno,404,,Pradel,"['RISTORANTE', 'ALBERGO']"
,38018,RISTORANTE ALBERGO PRADEL,,Molveno,405,,Pradel,"['RISTORANTE', 'ALBERGO']"
,38018,ANGOLO MODA, 11/A,Molveno,406,Piazza San Carlo,,[]
esercizio commerciale,38122,CRONST,25,Trento,407,Via Galilei,,[]
esercizio commerciale,38033,PONTRELLI DI CARLA ZANCANELLA,15,Cavalese,408,Piazza C. Battisti,,[]
esercizio commerciale,38033,RAFFAELLA,6,Cavalese,409,Via IX Novembre,,[]
,38033,CAPPELLERIA BETTA,6,Cavalese,410,Piazza Dante,,[]
,38121,BAZAR MOSER,14,Trento,411,Piazza Libertà,Gardolo,['BAZAR']
,38050,MACELLERIA MINIMARKET HIGHLANDER,7,Canal San Bovo,412,,Ghiaie,['MACELLERIA']
,38050,BAR RISTORANTE ALBERGO AL PIN,111,Canal San Bovo,413,,Sperandi,"['BAR', 'RISTORANTE', 'ALBERGO']"
,38050,OSTERIA ALLE FOSSE,148,Canal San Bovo,414,Via Fosse,,[]
,38050,RISTORANTE ALBERGO LAGORAI,12,Canal San Bovo,415,,Lausen,"['RISTORANTE', 'ALBERGO']"
,38050,RISTORANTE ALBERGO SERENELLA,56,Canal San Bovo,416,,Zortea,"['RISTORANTE', 'ALBERGO']"
,38050,CENTRO SPESA CORONA,141,Canal San Bovo,417,,Fosse,[]
,38050,FAMIGLIA COOPERATIVA ZORTEA, 57/B,Canal San Bovo,418,Via Zortea,,[]
,38050,FAMIGLIA COOPERATIVA CANAL SAN BOVO,17,Canal San Bovo,419,Via Roma,,[]
,38050,FAMIGLIA COOPERATIVA CAORIA,8,Canal San Bovo,420,,Caseri,[]
,38050,FAMIGLIA COOPERATIVA PRADE,,Canal San Bovo,421,Piazza G. Marconi Loc. Prade,,[]
,38077,FERRAMENTA FEDRIZZI,28,Comano Terme,422,Via Marconi,Ponte Arche,['FERRAMENTA']
,38051,CAFFE’ ROMA,3,Borgo Valsugana,423,Largo Dordi,,[]
,38038,BAR RISTORANTE ALBERGO AL CERVO,18,Tesero,424,Via IV Novembre,,"['BAR', 'RISTORANTE', 'ALBERGO']"
,38038,BAR ANCORA,32,Tesero,425,Via IV Novembre,,['BAR']
,38038,CARTOLIBRERIA DEFLORIAN,78,Tesero,426,Via Roma,,[]
,38038,RISTORANTE HOTEL ERICA,1,Tesero,427,,Stava,"['RISTORANTE', 'HOTEL']"
,38038,CALZATURE ZENI SPORT, 21/B,Tesero,428,Via IV Novembre,,"['CALZATURE', 'SPORT']"
,38038,VALENTINO SCARPE,88,Tesero,429,Via Roma,,[]
,38038,EUFORIA INTIMO, 5/B,Tesero,430,Piazza Nuova,,[]
,38038,BAR STELLA,29,Tesero,431,Via Roma,,['BAR']
,38038,CANAL KATIA TABACCHERIA,29,Tesero,432,Via Roma,,[]
,38038,ELETTROSOC DI GILMOZZI ERNESTO,2,Tesero,433,Via Socce,,[]
,38038,MOBILIFICIO SILVIO DELLADIO,24,Tesero,434,Via Roma,,[]
,38038,FAMIGLIA COOPERATIVA,6,Tesero,435,Via Cavada,,[]
,38121,BAR PASTICCERIA MAZZOLENI,28,Trento,436,Piazza General Cantore,,['BAR']
,38069,PROFUMERIA BOSCHETTO,5,Cavalese,437,Via F.lli Bronzetti,,[]
,38036,L. MALGHER,1,San Giovanni di Fassa-Sèn Jan,438,Piaza del Malgher,Pozza di Fassa,[]
,38036,LINO SPORT,78,San Giovanni di Fassa-Sèn Jan,439,Strada de Meida,Pozza di Fassa,['SPORT']
,38036,RISTORANTE ALBERGO RIZZI,6,San Giovanni di Fassa-Sèn Jan,440,Piaza de Salin,Pozza di Fassa,"['RISTORANTE', 'ALBERGO']"
,38036,ELETTROGAS PEDERIVA,121,San Giovanni di Fassa-Sèn Jan,441,Strada Dolomites,Pozza di Fassa,[]
,38036,PANIFICIO EL PEK,4,San Giovanni di Fassa-Sèn Jan,442,Piaza Deodat de Dolomieu,Pozza di Fassa,['PANIFICIO']
,38036,FAMIGLIA COOPERATIVA POZZA DI FASSA,11,San Giovanni di Fassa-Sèn Jan,443,Piaza de Comun,Pozza di Fassa,[]
,38036,BAR AL PONTE,1,San Giovanni di Fassa-Sèn Jan,444,Strada de Meida,Pozza di Fassa,['BAR']
,38036,PANIFICIO BERNARD,5,San Giovanni di Fassa-Sèn Jan,445,Troi Giovanni Francesco Bernard,Pozza di Fassa,['PANIFICIO']
,38030,PANIFICIO BONINSEGNA,20,Soraga,446,Piazza Cioc,,['PANIFICIO']
,38030,BAR RISTORANTE HOTEL DE FRONZ,35,Soraga,447,Strada de Pont,,"['BAR', 'RISTORANTE', 'HOTEL']"
,38030,BAR RISTORANTE HOTEL AVISIO,6,Soraga,448,Stradone de Fascia,,"['BAR', 'RISTORANTE', 'HOTEL']"
,38030,FAMIGLIA COOPERATIVA SORAGA,16,Soraga,449,Stradone de Fascia,,[]
,38030,SPORT BRUNEL,20,Soraga,450,Piazza Cioc,,['SPORT']
,38030,TABACCHERIA GIULIANI,3,Soraga,451,Stradone de Fascia,,[]
,38030,BAR RISTORANTE HOTEL ROSALPINA,2,Soraga,452,Strada de Palua,,"['BAR', 'RISTORANTE', 'HOTEL']"
,38039,BAR RISTORANTE HOTEL ROSA,5,San Giovanni di Fassa-Sèn Jan,453,Strada Rezia,Vigo di Fassa,"['BAR', 'RISTORANTE', 'HOTEL']"
,38039,TABACCHI E SOUVENIRS GHETTA FABRIZIO,3,San Giovanni di Fassa-Sèn Jan,454,Strada de la Piazedela,Vigo di Fassa,['TABACCHI']
,38039,FOTO SPORT LADIN,26,San Giovanni di Fassa-Sèn Jan,455,Strada Roma,Vigo di Fassa,['SPORT']
,38039,OREFICERIA OROLOGERIA POLLAM,17,San Giovanni di Fassa-Sèn Jan,456,Strada Roma,Vigo di Fassa,[]
,38039,BAR BIANCO,28,San Giovanni di Fassa-Sèn Jan,457,Strada Rezia,Vigo di Fassa,['BAR']
,38039,MACELLERIA F.LLI PELLEGRIN,9,San Giovanni di Fassa-Sèn Jan,458,Strada Daniel Zen,Vigo di Fassa,['MACELLERIA']
,38039,BAR HOTEL MIRAMONTI,10,San Giovanni di Fassa-Sèn Jan,459,Strada di Molins,Vigo di Fassa,"['BAR', 'HOTEL']"
,38039,BAR RISTORANTE ACTIVE HOTEL OLYMPIC,4,San Giovanni di Fassa-Sèn Jan,460,Strada Dolomites,Vigo di Fassa,"['BAR', 'RISTORANTE', 'HOTEL']"
,38039,BAR RISTORANTE HOTEL DOLOMITI,9,San Giovanni di Fassa-Sèn Jan,461,Strada Dolomites,Vigo di Fassa,"['BAR', 'RISTORANTE', 'HOTEL']"
,38039,TONY SPORT,11,San Giovanni di Fassa-Sèn Jan,462,Strada Rezia,Vigo di Fassa,['SPORT']
,38039,BAR LADIN,9,San Giovanni di Fassa-Sèn Jan,463,Strada de la Piazedela,Vigo di Fassa,['BAR']
,38039,BAR RISTORANTE HOTEL FONTANA,36,San Giovanni di Fassa-Sèn Jan,464,Strada de Valongia,Vigo di Fassa,"['BAR', 'RISTORANTE', 'HOTEL']"
,38039,DA FLORA,22,San Giovanni di Fassa-Sèn Jan,465,Strada Rezia,Vigo di Fassa,[]
,38039,LA BOTEIGA,48,San Giovanni di Fassa-Sèn Jan,466,Via Roma,Vigo di Fassa,[]
,38039,BAR ALBERGO BELVEDERE,3,San Giovanni di Fassa-Sèn Jan,467,Strada Murada,Vigo di Fassa,"['BAR', 'ALBERGO']"
,38039,BAR RISTORANTE HOTEL RENATO,27,San Giovanni di Fassa-Sèn Jan,468,Strada de Solar,Vigo di Fassa,"['BAR', 'RISTORANTE', 'HOTEL']"
,38039,PANIFICIO EL PECH,26,San Giovanni di Fassa-Sèn Jan,469,Strada Rezia,Vigo di Fassa,['PANIFICIO']
,38039,FAMIGLIA COOPERATIVA VIGO DI FASSA,30,San Giovanni di Fassa-Sèn Jan,470,Strada Rezia,Vigo di Fassa,[]
,38039,ELECTRO POLLAM,25,San Giovanni di Fassa-Sèn Jan,471,Strada Roma,Vigo di Fassa,[]
,38039,BAR RISTORANTE HOTEL VAEL,29,San Giovanni di Fassa-Sèn Jan,472,Strada Rezia,Vigo di Fassa,"['BAR', 'RISTORANTE', 'HOTEL']"
,38039,RISTORANTE HOTEL SAVOY,2,San Giovanni di Fassa-Sèn Jan,473,Jouf de Ciareja,Vigo di Fassa,"['RISTORANTE', 'HOTEL']"
,38039,SPORT LUCY,3,San Giovanni di Fassa-Sèn Jan,474,,Vigo di Fassa / Passo Costalunga,['SPORT']
,38039,LORENZ EMILIO BIBITE,9,San Giovanni di Fassa-Sèn Jan,475,Strada de Pilat,Vigo di Fassa,[]
,38039,RISTORANTE BAR ALPEN HOTEL CORONA,3,San Giovanni di Fassa-Sèn Jan,476,Strada Murada,Vigo di Fassa,"['BAR', 'RISTORANTE', 'HOTEL']"
,38032,BAR RISTORANTE ALBERGO ALPINO AL CAVALLETTO,103,Canazei,477,Via Costa,,"['BAR', 'RISTORANTE', 'ALBERGO']"
,38032,RISTORANTE HOTEL ALBA,99,Canazei,478,Via Costa,Alba di Canazei,"['RISTORANTE', 'HOTEL']"
,38032,BAR RISTORANTE HOTEL BERNARD,25,Canazei,479,Via Roma,,"['BAR', 'RISTORANTE', 'HOTEL']"
,38032,BAR RISTORANTE HOTEL ALLA ROSA,18,Canazei,480,Strada del Faure,,"['BAR', 'RISTORANTE', 'HOTEL']"
,38032,PANIFICIO BONINSEGNA,25,Canazei,481,Via Costa,,['PANIFICIO']
,38032,RIFUGIO ESCURSIONISTICO VALENTINI,23,Canazei,482,Streda de Sella,,[]
,38032,BAR RISTORANTE RIFUGIO VILLETTA MARIA,44,Canazei,483,Strada Pian Trevisan,,"['BAR', 'RISTORANTE']"
,38032,VALERUZ SPORT,18,Canazei,484,Via Roma,,['SPORT']
,38032,CALZATURE ROSSI,81,Canazei,485,Via Dolomiti,,['CALZATURE']
,38032,BAR RISTORANTE HOTEL COL DI LANA,132,Canazei,486,Strada del Pordoi,,"['BAR', 'RISTORANTE', 'HOTEL']"
,38032,BAR RISTORANTE ALBERGO MIRAMONTI,213,Canazei,487,Streda de Costa,,"['BAR', 'RISTORANTE', 'ALBERGO']"
,38032,RISTORANTE HOTEL PORDOI,76,Canazei,488,Strada del Pordoi,,"['RISTORANTE', 'HOTEL']"
,38032,RISTORANTE HOTEL DOLOMITI,80,Canazei,489,Via Dolomites,,"['RISTORANTE', 'HOTEL']"
,38032,BAR GARNÌ INTERNATIONAL,193,Canazei,490,Streda Dolomites,,['BAR']
,38032,PROFUMERIA COSTA,21,Canazei,491,Piazza G. Marconi,,[]
,38032,BAR GARNÌ STELLA ALPINA,6,Canazei,492,Streda do Ruf de Antermont,,['BAR']
,38032,BAR RISTORANTE HOTEL CROCE BIANCA,3,Canazei,493,Via Streda Roma,,"['BAR', 'RISTORANTE', 'HOTEL']"
,38032,BAR RISTORANTE HOTEL VILLA ROSA,87,Campitello di Fassa,494,Streda Dolomites,,"['BAR', 'RISTORANTE', 'HOTEL']"
,38032,RISTORANTE SPORT HOTEL ENROSADIRA,43,Campitello di Fassa,495,Streda de Morandin,,"['RISTORANTE', 'HOTEL', 'SPORT']"
,38032,BAR RISTORANTE HOTEL RODODENDRO,45,Campitello di Fassa,496,Streda Dolomites,,"['BAR', 'RISTORANTE', 'HOTEL']"
,38032,BAR AGNELLO,,Campitello di Fassa,497,Piazza Centrale,,['BAR']
,38032,FAMIGLIA COOPERATIVA CAMPITELLO DI FASSA,87,Campitello di Fassa,498,Streda Dolomites,,[]
,38060,BAR RISTORANTE HOTEL MIRAMONTI,97,Brentonico,499,Via Mazzini Loc. Crosano,,"['BAR', 'RISTORANTE', 'HOTEL']"
,38060,BAR RISTORANTE ALBERGO NENI,2,Brentonico,500,Via Garibaldi,,"['BAR', 'RISTORANTE', 'ALBERGO']"
,38060,BAR RISTORANTE ALBERGO ZENI,16,Brentonico,501,Via Roma,,"['BAR', 'RISTORANTE', 'ALBERGO']"
,38060,RISTORANTE HOTEL S. GIACOMO,2,Brentonico,502,Via Borani Salvotti,San Giacomo,"['RISTORANTE', 'HOTEL']"
,38060,PANIFICIO TOGNI,14,Brentonico,503,Via Roma,,['PANIFICIO']
,38060,PIZZERIA LA PINETA,1,Brentonico,504,,Santa Caterina,['PIZZERIA']
,38060,SAV FORMAGGI,25,Brentonico,505,Piazza Generale Dalla Chiesa,,[]
,38060,TABACCHERIA RIGO,22,Brentonico,506,Via Roma,,[]
,38060,PASSERINI CALZATURE,19/a,Brentonico,507,Via Fabio Filzi,,['CALZATURE']
,38060,ALIMENTARI ANDREOLLI,5,Brentonico,508,Via Roma,,['ALIMENTARI']
,38060,ALIMENTARI CANALI,1,Brentonico,509,Via Clemente,Castione,['ALIMENTARI']
,38060,BAR COMMERCIO,49,Brentonico,510,Via Roma,,['BAR']
,38060,FAMIGLIA COOPERATIVA BRENTONICO,3,Brentonico,511,Via Roberti,,[]
,38060,FAMIGLIA COOPERATIVA CROSANO,1,Brentonico,512,Via Mazzini,Crosano,[]
,38060,FAMIGLIA COOPERATIVA CORNÈ,47,Brentonico,513,Via 3 Novembre,Cornè,[]
,38030,BAR IL BUNKER,,Ziano di Fiemme,514,Via Prof. Vanzetta,,['BAR']
,38060,RISTORANTE HOTEL AL PONTE,28,Villa Lagarina,515,Via Alpini,,"['RISTORANTE', 'HOTEL']"
,38060,BAR RISTORANTE ALBERGO LAGO DI CEI,1,Villa Lagarina,516,,Lago di Cei,"['BAR', 'RISTORANTE', 'ALBERGO']"
,38060,BAR ROMA,10,Villa Lagarina,517,Via XXV Aprile,,['BAR']
,38060,FARMACIA DE PROBIZER,28,Villa Lagarina,518,Via XXV Aprile,,['FARMACIA']
,38060,FAMIGLIA COOPERATIVA DI CASTELLANO,64,Villa Lagarina,519,Via del Torchio,,[]
,38060,FAMIGLIA COOPERATIVA DI PEDERSANO,,Villa Lagarina,520,Via Sant’Antonio,,[]
,38060,FAMIGLIA COOPERATIVA VILLA LAGARINA,50,Villa Lagarina,521,Via XXV Aprile,,[]
,38050,TESINO MARKET,4,Pieve Tesino,522,Via Brigata Abruzzi,,[]
,38050,BAR CENTRALE,4,Pieve Tesino,523,Piazza Garibaldi,,['BAR']
,38050,PUNTO ROSSO ALIMENTARI,2,Pieve Tesino,524,Piazza Garibaldi,,['ALIMENTARI']
,38063,BAR RISTORANTE ALBERGO ALPINO,,Avio,525,,Madonna della Neve / Valdomenegal,"['BAR', 'RISTORANTE', 'ALBERGO']"
,38063,BAR NUOVO,13,Avio,526,Viale Alcide De Gasperi,,['BAR']
,38063,CASEIFICIO SOCIALE SABBIONARA,25,Avio,527,Via Vignola,,[]
,38063,RIVENDITA FUMANELLI GEDEONE,17,Avio,528,Piazza Conciliazione,,[]
,38063,PANIFICIO SEGA DIEGO,18,Avio,529,Via Regina Elena,,['PANIFICIO']
,38063,FAMIGLIA COOPERATIVA AVIO,5,Avio,530,Piazza Roma,,[]
,38063,BAR SPORT,75,Avio,531,Via Venezia,,"['BAR', 'SPORT']"
,38063,BAR TRATTORIA ALLA STAZIONE,41,Avio,532,Via General Cantore,,['BAR']
,38063,CADEN CARLO ABBIGLIAMENTO,12,Avio,533,Via Regina Elena,,[]
,38063,CADEN TENDAGGI,5,Avio,534,Via Teatro,,[]
,38063,CONFEZIONI DA IDA,28,Avio,535,Via S. Antonio,,[]
,38063,BAR RISTORANTE ALBERGO MONTE BALDO,,Avio,536,,Borghetto,"['BAR', 'RISTORANTE', 'ALBERGO']"
,38063,RIFUGIO ESCURSIONISTICO MONTE BALDO,,Avio,537,,Madonna della Neve / Valdomenegal,[]
,38063,FARMACIA COOPERATIVA,4,Avio,538,Piazza Roma,,['FARMACIA']
,38063,FALEGNAMERIA MABBONI,82,Avio,539,Viale Alcide De Gasperi,,[]
,38033,DELIZIE WELPONER,27,Cavalese,540,Via F.lli Bronzetti,,[]
,38079,FARMACIA BONI,42,Tione di Trento,541,Viale Dante,,['FARMACIA']
,38060,PANIFICIO MODERNO,10,Isera,542,Via Al Ponte,,['PANIFICIO']
,38060,FAMIGLIA COOPERATIVA DI ISERA,10,Isera,543,Piazza San Vincenzo,,[]
,38054,RISTORANTE BAR HOTEL TRESSANE,30,Primiero San Martino di Castrozza,544,Via Roma,Tonadico,"['BAR', 'RISTORANTE', 'HOTEL']"
,38054,RISTORANTE PARK HOTEL IRIS,26,Primiero San Martino di Castrozza,545,Via Roma,Tonadico,"['RISTORANTE', 'HOTEL']"
,38054,RISTORANTE HOTEL PRIMIERO,8,Primiero San Martino di Castrozza,546,Via Roma,Tonadico,"['RISTORANTE', 'HOTEL']"
,38054,IL NEGOZIO DEL PANE,2,Primiero San Martino di Castrozza,547,Via Roma,Tonadico,[]
,38054,PANIFICIO CENTRALE DI PRIMIERO,2,Primiero San Martino di Castrozza,548,Via Roma,Tonadico,['PANIFICIO']
,38054,BAR ALBERGO TRE PONTI,5,Primiero San Martino di Castrozza,549,Via Sorelle Lucian,Tonadico,"['BAR', 'ALBERGO']"
,38054,RISTORANTE BAR LANTERNA VERDE,8,Primiero San Martino di Castrozza,550,Via Roma,Tonadico,"['BAR', 'RISTORANTE']"
,38054,EDICOLA BAZAR TABACCHI,43,Primiero San Martino di Castrozza,551,Via Scopoli,Tonadico,"['TABACCHI', 'BAZAR']"
,38054,BAR CENTRALE,37,Primiero San Martino di Castrozza,552,Via Scopoli,Tonadico,['BAR']
,38054,NON SOLO PANE,2,Primiero San Martino di Castrozza,553,Via Card. Bernardin,Tonadico,[]
,38054,FAMIGLIA COOPERATIVA DI TONADICO,40,Primiero San Martino di Castrozza,554,Via Scopoli,Tonadico,[]
,38053,OREFICERIA OROLOGERIA MULLER,3,Castello Tesino,555,Piazza San Giorgio,,[]
,38053,FARMACIA RIGONI,12/A,Castello Tesino,556,Via Dante,,['FARMACIA']
,38053,BAR PIZZERIA CROSARA,8,Castello Tesino,557,Piazza San Giorgio,,"['BAR', 'PIZZERIA']"
,38053,BAR ROMA,5,Castello Tesino,558,Piazza San Giorgio,,['BAR']
,38053,FAMIGLIA COOPERATIVA DI CASTELLO TESINO,13/A,Castello Tesino,559,Via Donato Pelloso,,[]
,38053,BAR ORATORIO,18,Castello Tesino,560,Via Venezia,,['BAR']
,38053,RISTORANTE BAR ALBERGO PASSO BROCON “DA S’CIOPO”,2,Castello Tesino,561,,Passo Brocon,"['BAR', 'RISTORANTE', 'ALBERGO']"
,38053,FIORI E VERDURA,1,Castello Tesino,562,Piazza Trento,,[]
,38053,EMPORIO DIEGO ZOTTA,3,Castello Tesino,563,Piazza Trento,,[]
,38053,BAR AL PONTE,2,Castello Tesino,564,,Molini,['BAR']
,38053,MACELLERIA BOSO,4,Castello Tesino,565,Via Baili,,['MACELLERIA']
,38053,BAR RISTORANTE ALBERGO BELLAVISTA,17,Castello Tesino,566,Via Roma,,"['BAR', 'RISTORANTE', 'ALBERGO']"
,38053,ABBIGLIAMENTO BAILO,1,Castello Tesino,567,Piazza Marconi,,[]
,38053,ALIMENTARI DA CELESTINO,5,Castello Tesino,568,Piazza Marconi,,['ALIMENTARI']
,38053,ALIMENTARI MORANDUZZO,7,Castello Tesino,569,Via Terrasanta,,['ALIMENTARI']
,38053,CAFFÈ MARCONI,4,Castello Tesino,570,Piazza Marconi,,[]
,38053,TABACCHI ZAMPIERO,3,Castello Tesino,571,Piazza Marconi,,['TABACCHI']
,38086,CHALET FERRARI,28,Pinzolo,572,Piazza Righi,Madonna di Campiglio,[]
,38086,CHALET FERRARI REGALO,30,Pinzolo,573,Piazza Righi,Madonna di Campiglio,[]
,38122,ZANELLA ARREDAMENTI,78,Trento,574,Via Rosmini,,[]
,38065,ALIMENTARI RICCIO STEFANIA,7/B,Levico Terme,575,Via Dante,,['ALIMENTARI']
,38065,ETA BETA DI GRISENTI GIORGIA,38,Levico Terme,576,Corso Centrale,,[]
,38065,FERRAMENTA CASALINGHI ROSA,16,Levico Terme,577,Via Dante,,['FERRAMENTA']
,38050,FAMIGLIA COOPERATIVA LAGORAI,2,Ronchi Valsugana,578,Via Marchi,,[]
,38050,SIMONETTO CARNI,20,Castelnuovo,579,Viale Venezia,,[]
,38035,BAR RISTORANTE HOTEL COSTABELLA,37,Moena,580,,Sén Pelegrin,"['BAR', 'RISTORANTE', 'HOTEL']"
,38035,MACELLERIA FELICETTI,,Moena,581,Strada E. Zanoner Canori,,['MACELLERIA']
,38035,ELETTRODOMESTICI DE PELLEGRINI,14,Moena,582,Strenta de Ischiacia,,[]
,38035,SEGHERIA ZANONER,11,Moena,583,Strada de la Comunità de Fiem,,[]
,38060,MACELLERIA FASANELLI,3,Pomarolo,584,Via 3 Novembre,,['MACELLERIA']
esercizio commerciale,38055,MINATI ROBERTA,27,Grigno,585,Via Vittorio Emanuele,,[]
,38067,BAR RISTORANTE ALBERGO SILVANA,6,Ledro,586,Via Nuova,,"['BAR', 'RISTORANTE', 'ALBERGO']"
,38122,EDICOLA TABACCHI SANNICOLÒ GABRIELE,9,Trento,587,Piazza Sanzio,,['TABACCHI']
,38051,FARMACIA CENTRALE,40,Borgo Valsugana,588,Corso Ausugum,,['FARMACIA']
,38051,SIMONETTO CARNI,20,Borgo Valsugana,589,Via Padri Morizzo,,[]
,38033,FAMIGLIA COOPERATIVA DI CAVALESE,12,Cavalese,590,Piazza Battisti,,[]
,38068,DAMIATA MOTO,54,Rovereto,591,Corso Bettini,,[]
attività artigianale,38123,NEON TRENTO SCOTUZZI,39,Trento,592,Via Ragazzi del '99,,[]
,38066,CASA DEL CAFFÈ,13,Riva del Garda,593,Via Maffei,,[]
,38070,RISTORANTE PIZZERIA LILLÀ,5,Vallelaghi,594,Piazza di Sant'A. Abate,Vezzano,"['RISTORANTE', 'PIZZERIA']"
,38064,BAR HOTEL SEGGIOVIA,32,Folgaria,595,,Francolini,"['BAR', 'HOTEL']"
,38064,PANIFICIO CANALIA,13,Folgaria,596,Via Schirni,,['PANIFICIO']
,38064,FOLGARIA FASHION SPORT,191,Folgaria,597,Via E. Colpi,,['SPORT']
,38064,BAR RISTORANTE HOTEL BIANCANEVE,134,Folgaria,598,Via A. Maffei,,"['BAR', 'RISTORANTE', 'HOTEL']"
,38064,BAR RISTORANTE HOTEL ERICA,69,Folgaria,600,Via Nazionale,,"['BAR', 'RISTORANTE', 'HOTEL']"
,38064,BAR RISTORANTE ANTICO ALBERGO STELLA D'ITALIA,48,Folgaria,601,Via E. Colpi,,"['BAR', 'RISTORANTE', 'ALBERGO']"
,38064,BAR RISTORANTE ALBERGO TRENTINO,63,Folgaria,602,Via Manzoni,,"['BAR', 'RISTORANTE', 'ALBERGO']"
,38064,CALZATURE FAIT,10,Folgaria,603,Via E. Colpi,,['CALZATURE']
,38064,FARMACIA GIRARDI,179,Folgaria,604,Via E. Colpi,,['FARMACIA']
,38064,BAR RISTORANTE PARK HOTEL MIRAMONTI,12,Folgaria,605,Via Dante Alighieri,,"['BAR', 'RISTORANTE', 'HOTEL']"
,38064,BAR RISTORANTE ALBERGO DUE SPADE,41,Folgaria,606,Via Lega Nazionale,,"['BAR', 'RISTORANTE', 'ALBERGO']"
,38064,MERCERIA RELLA,11,Folgaria,607,Piazza S. Lorenzo,,[]
,38123,SALUMERIA BELLI,1,Trento,609,Piazza Oveno,Sopramonte,[]
esercizio commerciale,38077,BONANI GIULIANA,58,Comano Terme,610,,Ponte Arche,[]
,38122,BAR FIORENTINA,4,Trento,611,Via Calepina,,['BAR']
esercizio commerciale,38020,AMBROSI SILVIO LUIGI,35,Pellizzano,612,Via Nazionale,,[]
,38012,MACELLERIA MALENCH,19,Predaia,613,Piazza San Vittore,Taio,['MACELLERIA']
,38122,BAR DEI CAVAI,90,Trento,614,Via S. Martino,,['BAR']
,38066,BRESCIANI SOUVENIR,14,Riva del Garda,615,Piazza C. Battisti,,[]
,38066,PROFUMERIE BRESCIANI,13,Riva del Garda,616,Via Mazzini,,[]
,38035,BAR DELL'HOTEL RANCOLIN,31,Moena,617,Strada de Moene,,"['BAR', 'HOTEL']"
,38035,MOBILIFICIO ARTIGIANI ASSOCIATI,34,Moena,618,Strada de la Comunità de Fiem,,[]
,38035,BAR GABRY,27,Moena,619,Piaz de Ramon,,['BAR']
,38035,BAR RAMON,41,Moena,620,Piaz de Ramon ,,['BAR']
,38035,ENOTECA DEL PINTER,1,Moena,621,Strenta de Ischiacia,,[]
,38035,GIOIELLERIA CROCE,41,Moena,622,Piaz de Ramon,,[]
,38035,BAR DELL'HOTEL ALLE ALPI,67,Moena,623,Strada de Moene ,,"['BAR', 'HOTEL']"
,38035,LA BORA,45,Moena,624,Piaz de Ramon,,[]
,38035,NONSOLOMODA,3,Moena,625,Strada de Fachin,,[]
,38066,PELLETTERIA GRAZIA S.A.S.,29,Riva del Garda,626,Via Fiume,,[]
,38034,MACELLERIA ZANOTELLI,,Cembra Lisignago,627,Viale IV Novembre 35,Cembra,['MACELLERIA']
,38034,PANIFICIO GAIGHER,,Cembra Lisignago,628,Via Damiano Chiesa  6,Cembra,['PANIFICIO']
,38034,FERRAMENTA PIU',82,Cembra Lisignago,629,Viale IV Novembre 35,Cembra,['FERRAMENTA']
,38034,IDEA CASA,78,Cembra Lisignago,630,Viale IV Novembre 35,Cembra,[]
,38034,MACELLERIA PAOLAZZI,2,Cembra Lisignago,631,Piazza San Rocco,Cembra,['MACELLERIA']
,38034,BAR VICO,6,Cembra Lisignago,632,Piazza Marconi,Cembra,['BAR']
,38034,BAR ROSALPINA,,Cembra Lisignago,633,Viale IV Novembre 17,Cembra,['BAR']
,38052,ALBERGO RISTORANTE BAR DUE SPADE,2,Caldonazzo,634,Piazza Municipio ,,"['BAR', 'RISTORANTE', 'ALBERGO']"
,38052,ALBERGO RISTORANTE BAR ALLA TORRE,37,Caldonazzo,635,Via delle Villa,,"['BAR', 'RISTORANTE', 'ALBERGO']"
,38052,CASALINGHI FERRAMENTA MURARA,14,Caldonazzo,636,Piazza Municipio,,['FERRAMENTA']
,38052,MOBILI CIOLA,9,Caldonazzo,637,Via Brenta,,[]
,38040,BAR RISTORNATE ROSSI,1,Luserna,638,Via G. Marconi,,['BAR']
,38054,MACELLERIA BONELLI,26,Primiero San Martino di Castrozza,639,Via Asilo,Siror,['MACELLERIA']
,38054,PANIFICIO PASTICCERIA ZANETEL ARRIGO,11,Primiero San Martino di Castrozza,640,Via Larga,Siror,['PANIFICIO']
,38054,BAR HOTEL SIROR,13,Primiero San Martino di Castrozza,641,Via Larga ,Siror,"['BAR', 'HOTEL']"
,38054,CAFFE' CENTRALE DI GIAN LUIGI SECCO E C.,76,Primiero San Martino di Castrozza,642,Via Passo Rolle,San Martino di Castrozza,[]
,38054,RISTORANTE ALBERGO CENTRALE,74,Primiero San Martino di Castrozza,643,Via Passo Rolle,San Martino di Castrozza,"['RISTORANTE', 'ALBERGO']"
,38054,BAZAR DELL'ALPE,185,Primiero San Martino di Castrozza,644,Via Passo Rolle,San Martino di Castrozza,['BAZAR']
,38054,BANCHER S.A.S. DI TISOT ADELIA E C.,4,Primiero San Martino di Castrozza,645,Via Laghetto,San Martino di Castrozza,[]
,38064,ALBERGO BAR RISTORANTE ROSALPINA DI CANALIA GABRIELE,8,Folgaria,646,Via Strada Nuova ,,"['BAR', 'RISTORANTE', 'ALBERGO']"
,38064,ALBERGO BAR RISTORANTE SAYONARA DI RECH WILLIAM,52,Folgaria,647,Via A. Maffei,Costa,"['BAR', 'RISTORANTE', 'ALBERGO']"
,38034,NIC S.A.S. DI NICOLODI MARTINO,33/1,Cembra Lisignago,648,Via Cesare Battisti,Cembra,[]
,38034,FAMIGLIA COOPERATIVA DI CEMBRA,3,Cembra Lisignago,649,Piazza Marconi,Cembra,[]
,38034,TABACCHINO DI FADANELLI MAURA,8,Cembra Lisignago,650,Piazza Marconi,Cembra,['TABACCHI']
,38034,BAR PIZZERIA SAINT ROCK,51,Cembra Lisignago,651,Viale IV Novembre,Cembra,"['BAR', 'PIZZERIA']"
,38013,BAZAR COVI,16,Fondo,652,Piazza San Giovanni,,['BAZAR']
,38013,CALZATURE SCHNEIDER,1,Fondo,653,Via IV Novembre,,['CALZATURE']
,38013,EUROPAFERR FERRAMENTA DI ZINI MAURO GIOVANNI,25,Fondo,654,Via Battisti,,['FERRAMENTA']
,38013,BATTISTI CALZATURE DI BATTISTI ALBERTO,10,Fondo,655,Via Battisti,,['CALZATURE']
,38013,ZANONI PREZIOSI ,2,Fondo,656,Via Inama,,[]
,38013,PIZZERIA-RISTORANTE AL FOLON,18,Fondo,657,Via Lago Smeraldo,,"['RISTORANTE', 'PIZZERIA']"
,38050,BAR RISTORANTE TRENTO,10,Bieno,658,Via Milano ,,"['BAR', 'RISTORANTE']"
,38054,BIRRERIA VALSERENA,36,Primiero San Martino di Castrozza,659,Via Valserena ,Siror,[]
,38054,BAR CAFFE' ERO,5,Primiero San Martino di Castrozza,660,Via S. Andrea,Siror,['BAR']
,38054,BAR MARGHERITA,183,Primiero San Martino di Castrozza,661,Via Passo Rolle,San Martino di Castrozza,['BAR']
,38054,ESTETICA PROFUMERIA TISOT,133,Primiero San Martino di Castrozza,662,Via Passo Rolle,San Martino di Castrozza,[]
,38054,CALZATURE BANCHER SEVERINO,23,Primiero San Martino di Castrozza,663,Via Rivetta,Siror,['CALZATURE']
,38054,RISTORANTE ALBERGO FRATAZZA,2,Primiero San Martino di Castrozza,664,Via Passo Rolle,San Martino di Castrozza,"['RISTORANTE', 'ALBERGO']"
,38054,FAMIGLIA COOPERATIVA DI SIROR,4,Primiero San Martino di Castrozza,665,Via S. Andrea,San Martino di Castrozza,[]
,38030,BAR ALLA TORRE,6,Castello-Molina di Fiemme,666,Via Avisio,,['BAR']
,38030,RISTORANTE ALBERGO LATEMAR S.N.C. DI BETTA MARISA E &.,16,Castello-Molina di Fiemme,667,Via Latemar,,"['RISTORANTE', 'ALBERGO']"
,38030,CAVADA DOLORES DI CAVADA UGO & C. S.N.C.,22,Castello-Molina di Fiemme,668,Via Bolzano,Molina di Fiemme,[]
,38030,BAR RISTORANTE PIZZERIA AL LAGO,19,Castello-Molina di Fiemme,669,,Stramentizzo Nuovo,"['BAR', 'RISTORANTE', 'PIZZERIA']"
,38030,BAR RISTORANTE ALBERGO PINETA,2,Castello-Molina di Fiemme,670,Via Cadino,Molina di Fiemme,"['BAR', 'RISTORANTE', 'ALBERGO']"
,38030,RISTORANTE ALBERGO ANCORA DI ZANCANELLA PAOLO E LUCIA S.N.C.,4,Castello-Molina di Fiemme,671,Via Marconi,Molina di Fiemme,"['RISTORANTE', 'ALBERGO']"
,38030,PANIFICIO TARTER DI MARCO TARTER & C. S.N.C.,17,Castello-Molina di Fiemme,672,Via Marconi,Molina di Fiemme,['PANIFICIO']
,38030,FAMIGLIA COOPERATIVA DI CAVALESE - MOLINA DI FIEMME - PREDAIA,23,Castello-Molina di Fiemme,673,Via Marconi,Molina di Fiemme,[]
,38030,FAMIGLIA COOPERATIVA DI CAVALESE - CASTELLO DI FIEMME,11,Castello-Molina di Fiemme,674,Via Roma,,[]
,38013,CARTOLERIA GIOCATTOLI BERTOLDI,37,Fondo,675,Piazza San Giovanni,,[]
,38013,LA BOTTEGA DI ZAMBIASI,15,Fondo,676,Piazza San giovanni,,[]
,38013,LATTERIA SOCIALE DI FONDO,70,Fondo,677,Via IV Novembre,,[]
,38013,FAMIGLIA COOPERATIVA VAL DI NON,20,Fondo,678,Via Battisti,,[]
,38079,CAFFE' VECCHIA TIONE,16,Tione di Trento,679,Via del Foro,,[]
,38010,FAMIGLIA COOPERATIVA VAL DI NON S.C.A.R.L. - CASEZ,9,Sanzeno,680,Via Roma,Casez,[]
,38010,FAMIGLIA COOPERATIVA VAL DI NON S.C.A.R.L. - SANZENO,28,Sanzeno,681,Via Nazionale,,[]
,38010,FAMIGLIA COOPERATIVA VAL DI NON S.C.A.R.L. - BANCO,2,Sanzeno,682,Via Mazzini,Banco,[]
,38010,BAR ALLA FONTANA DI BALDO ONESTINGHEL OLGA & C.,38/A,Sanzeno,683,Piazza Centrale,,['BAR']
,38010,BAR MARINELLI,3,Sanzeno,684,Via Mazzini,Banco,['BAR']
,38010,BAR DALPIAZ,48,Sanzeno,685,,Banco,['BAR']
,38010,HOTEL CASEZ,48,Sanzeno,686,Via Roma,Casez,['HOTEL']
,38010,RISTORANTE AL MULINO,18,Sanzeno,687,Via S. Romedio ,,['RISTORANTE']
,38030,PANIFICIO ZORZI DI ZORZI EZIO & C. S.N.C.,34,Castello-Molina di Fiemme,688,Via Roma,,['PANIFICIO']
,38030,BAR SPORT,10,Castello-Molina di Fiemme,689,Via Italia,Molina di Fiemme,"['BAR', 'SPORT']"
,38013,QUEN CONFEZIONI,5,Fondo,690,Piazza Dante,,[]
,38066,RESTEL DE FER,10,Riva del Garda,691,Via Restel de Fer,,[]
,38033,DELVAI MARKET S.N.C. DI DELVAI NICOLETTA E CARESIA DIEGO,43,Carano,692,Via Giovanelli A.,,[]
,38122,TUTTO LUCE SAS,40,Trento,693,Via Calepina,,[]
,38122,BAR TRE PORTONI,48,Trento,694,Via S. Croce,,['BAR']
,38050,BAR ROMA,22,Ospedaletto,695,Via Roma,,['BAR']
,38122,FIORERIA STELLA,44,Trento,696,Corso Tre Novembre,,[]
esercizio commerciale,38066,CONTINI,55,Riva del Garda,697,Via Fiume,,[]
,38057,A. CRIVELLARI – COSE DI CASA,8,Pergine Valsugana,698,Via Battisti,,[]
esercizio commerciale,38057,FRISANCO,33,Pergine Valsugana,699,Piazza Spiaz de le Oche,,[]
,38086,ALIMENTARI CAOLA,1,Pinzolo,700,Via Maturi,,['ALIMENTARI']
esercizio commerciale/attività artigianale,38023,LA BOTTEGA DEL MOLETA,9,Cles,701,Via Lampi ,,[]
 ,38023,ALBERGO RISTORANTE CLES – OSTERIA PALAZAN,7,Cles,702,Piazza Navarrino,,"['RISTORANTE', 'ALBERGO']"
,38023,CAFF'E EUROPA,5,Cles,703,Piazza Granda,,[]
,38023,FARMACIA DE MAFFEI ,13,Cles,704,Via Pilati,,['FARMACIA']
,38023,CAFFÈ BERTOLASI,43,Cles,705,Piazza Granda,,[]
,38023,VISINTAINER CARTOLIBRERIA,3,Cles,706,Piazza Granda,,[]
,38023,ROSANI ALIMENTARI,1,Cles,707,Piazza Pez,,['ALIMENTARI']
,38023,SEGHERIA LONGO,38-44,Cles,708,Via Marconi,,[]
,38023,ALIMENTARI PAOLI S.N.C.,6/A,Cles,709,Via Diaz,,['ALIMENTARI']
,38023,MACELLERIA AGOSTINI LUIGI,26,Cles,710,Via Lampi ,,['MACELLERIA']
esercizio commerciale,38023,MENAPACE IVO,9,Cles,711,Via Pilati,,[]
esercizio commerciale,38023,VALENTINOTTI FRANCESCO,40,Cles,712,Piazza Granda,,[]
esercizio commerciale,38023,ANGELI FLAVIO,6,Cles,713,Piazza Municipio ,,[]
,38023,OREFICERIA A. CORRADINI,23,Cles,714,Piazza Granda,,[]
esercizio commerciale,38023,ANGELI NICOLA,4,Cles,715,Piazza Municipio,,[]
,38023,PREZIOSI STELLA,7,Cles,716,Piazza Municipio ,,[]
,38023,PESCHERIA GOIO,2,Cles,717,Via Lampi ,,[]
,38023,COLORIFICIO PIZ,30,Cles,718,Piazza Granda,,[]
esercizio commerciale,38011,ABRAM VITTORIO E C. SNC,51,Sarnonico,719,Via Battisti,,[]
,38011,BAZAR GIORNALI DI CATTARINI VINCENZO,2,Sarnonico,720,Via IV Novembre,,['BAZAR']
,38073,CALZATURE DALLAPÈ,14,Cavedine,721,Via Trento,Stravino,['CALZATURE']
esercizio di somministrazione di alimenti e bevande,38067,BAITA SANTA LUCIA,36,Ledro,722,Via Santa Lucia,Bezzecca,[]
esercizio di somministrazione di alimenti e bevande,38060,ANTICA CROCE,1,Tenno,723,Via dei Laghi,,[]
esercizio commerciale,38010,MOBILI ZENI LINO S.R.L.,29,S. Michele all’Adige,724,Via Postal,Grumo,[]
,38010,HOTEL CANTALEONE,23,S. Michele all’Adige,725,Via Tonale,Grumo,['HOTEL']
,38010,BAR AL TURISTA,32,S. Michele all’Adige,726,Via Brennero,,['BAR']
,38032,BAR DIGA,17,Canazei,727,,Penia / Fedaia,['BAR']
pubblico esercizio – somministrazione di alimenti e bevande – pizzeria,38061,ALBERGO MONTILESSINI,,Ala,728,,Sega,"['ALBERGO', 'PIZZERIA']"
,38061,BAR EUGENIA,1,Ala,729,Piazza G. Cantore,,['BAR']
,38061,BAR TABACCHI DI BONGIOVANNI MAURO,5,Ala,730,Piazzetta Cantore,,"['BAR', 'TABACCHI']"
,38061,MACELLERIA DEBIASI SERGIO,,Ala,731,Via 27 Maggio,,['MACELLERIA']
pubblico esercizio – somministrazione di alimenti e bevande – bar/trattoria,38061,VECCHIO CARNERA,4,Ala,732,Piazza Buonacquisto,,['BAR']
,38077,OREFICERIA CATTONI DI CATTONI CLAUDIO,19,Comano Terme,733,Via Cesare Battisti,,[]
,38077,CATTONI ELETTRONICA DI CATTONO ROBERTO,17,Comano Terme,734,Via Cesare Battisti,,[]
ristorante – bar,38020,HOTEL MIRAMONTI,55,Rabbi,735,,San Bernardo,"['BAR', 'RISTORANTE', 'HOTEL']"
esercizio commerciale,38037,LE LUZIE,4,Predazzo,736,Piazza SS. Filippo e Giacomo,,[]
esercizio commerciale,38066,MARCHETTI,21,Riva del Garda,737,Piazza Catena,,[]
esercizio commerciale,38122,INDAL,9,Trento,738,Via 24 Maggio,Trento,[]
esercizio commerciale,38060,ZANLUCCHI SOFIA & C. S.A.S.,17,Garniga Terme,739,Via dei Bagni di Fieno,,[]
ristorante - bar,38030,RISTORANTE BAR JA VITO DI VENDER KATIA E C. S.N.C.,2,Soraga di Fassa,740,Stradon de Fascia ,,"['BAR', 'RISTORANTE']"
parrucchiera (impresa artigiana con vendita di prodotti),38038,SALONE FUORI DI TESTA DI POZZA NADIA,6/A,Tesero,741,Via Cesare Battisti,,[]
"esercizio commerciale/attività artigianale (pasticceria, gelateria)",38122,FILIPPI E GARDUMI S.N.C. DI GARDUMI RENZO & C.,34,Trento,742,Via Bolghera,,[]
pubblico esercizio – somministrazione di alimenti e bevande – locanda,38077,ALBERGO LOCANDA FIORE DI SALIZZONI SILVIO E RITA S.N.C.,22,Comano Terme,743,Via Mazzini,Poia,['ALBERGO']
