Numero,Insegna,Indirizzo,Civico,Comune,Cap,Frazione/Località,Note,Categorie
1,BAZZANELLA RENATA,Via del Lagorai,30,Sover,38068,Piscine di Sover,"generi misti, bar - ristorante","['BAR', 'RISTORANTE']"
2,CONFEZIONI MONTIBELLER S.R.L.,Corso Ausugum,48,Borgo Valsugana,38051,,esercizio commerciale,[]
3,FOTOGRAFICA TRINTINAGLIA UMBERTO S.N.C.,Largo Dordi,8,Borgo Valsugana,38051,,"esercizio commerciale, attività artigianale",[]
4,BAR SERAFINI DI MINATI RENZO,,24,Grigno,38055,Serafini,esercizio commerciale,['BAR']
6,SEMBENINI GINO & FIGLI S.R.L.,Via S. Francesco,35,Riva del Garda,38066,,,[]
7,HOTEL RISTORANTE PIZZERIA “ALLA NAVE”,Via Nazionale,29,Lavis,38015,Nave San Felice,,"['RISTORANTE', 'HOTEL', 'PIZZERIA']"
8,OBRELLI GIOIELLERIA DAL 1929 S.R.L.,Via Roma,33,Lavis,38015,,,[]
9,MACELLERIE TROIER S.A.S. DI TROIER DARIO E C.,Via Roma,13,Lavis,38015,,,[]
10,NARDELLI TIZIANO,Piazza Manci,5,Lavis,38015,,esercizio commerciale,[]
11,PASTICCERIA SILVANO DI ANDREOLLI SILVANO& C.,Via Matteotti,37,Lavis,38015,,,[]
13,LONA S.N.C. DI LONA ROBERTO & C.,Piazza Manci,1,Lavis,38015,,esercizio commerciale,[]
14,GADOTTI CALZATURE DI GADOTTI MARCO,Via Matteotti,59,Lavis,38015,,,['CALZATURE']
15,BAR LEON D’ORO DI DELLAI LORENA,Piazza Cesare Battisti,4,Lavis,38015,,,['BAR']
16,TURCO CALZATURE DI TURCO CORRADO,Via Filzi,1,Lavis,38015,,,['CALZATURE']
17,FARMACIA ROMANI DOTT. ALBERTO ERRIGO & C. S.N.C.,Via Filzi,1,Lavis,38015,,,['FARMACIA']
18,FAMIGLIA COOPERATIVA MEZZOLOMBARDO E PRESSANO SOC. COOP.,Piazza Giovanni della Croce,,Lavis,38015,Pressano,,['BAR']
19,CONFEZIONI DANTI DI PELKAN WILMA & C. S.A.S.,Viale San Francesco,22,Riva del Garda,38066,,,[]
20,DELUGAN GUIDO E GINO S.N.C.,Via Pennella,32,Pergine Valsugana,38057,,attività artigianale,[]
21,FRUTTA E VERDURA SPRINGHETTI GILBERTO,Piazza Prati,27,Cavareno,38011,,,[]
22,LARCHER SPORT,Via Moscabio,2,Cavareno,38011,,,['SPORT']
23,BAR GELATERIA EREDI CAVALLAR DOMENICO,Piazza Prati,21,Cavareno,38011,,,['BAR']
24,EDICOLA TABACCHI GENETTI ANNAMARIA,Via Roma,43,Cavareno,38011,,,['TABACCHI']
25,MERCERIE CATTARINI TIZIANA,Piazza Prati,12,Cavareno,38011,,,[]
26,ZANI FABIO S.A.S. FERRAMENTA,Via Roma,49,Cavareno,38011,,,['FERRAMENTA']
27,LATTERIA SOCIALE CAVARENO,Via Moscabio,19,Cavareno,38011,,,[]
28,RISTORANTE AL VOLT DI LABRIOLA MICHELANGELO,Piazza Municipio,10,Pergine Valsugana,38057,,,['RISTORANTE']
29,RISTORANTE PIZZERIA NUOVO CORONA DI PALMIERI TOMMASO,Piazza Manci,2,Lavis,38015,,,"['RISTORANTE', 'PIZZERIA']"
30,BAR ALBERGO CORONA S.N.C. DI PRONER RICCARDA & C.,Piazza Manci,6,Lavis,38015,,,"['BAR', 'ALBERGO']"
31,SARTORI GIUSEPPE & C. S.N.C. ,Via Clementi,47,Lavis,38015,,esercizio commerciale,[]
33,TORREFAZIONE CAFFE’ BONTADI,Vicolo del Messaggero,10,Rovereto,38068,,,[]
34,COLORIFICIO LUCIANO CARESIA DI DANIELA CARESIA,Via Tartarotti, 50/A,Rovereto,38068,,,[]
35,FARMACIA COBELLI,Via Mazzini,10,Rovereto,38068,,,['FARMACIA']
36,BAR MANIFATTURA,Piazza Manifattura, 5/6,Rovereto,38068,,,['BAR']
37,BAR DUE COLONNE,Piazza del Podestà,9,Rovereto,38068,,,['BAR']
39,"PANIFICIO COLLER S.N.C. DI COLLER CLAUDIO, ANDREA & C.",Largo S. Floriano,5,Rovereto,38068,,,['PANIFICIO']
40,CAPPELLERIA BACCA,Via Rialto,39,Rovereto,38068,,,[]
41,BAR-TRATTORIA BELLAVISTA,Via Paganini,17,Rovereto,38068,,,['BAR']
42,DROGHERIA MICHELI,Via Mercerie, 16/18,Rovereto,38068,,,[]
43,LAZZERI,Via Rialto,32,Rovereto,38068,,esercizio commerciale,[]
44,LOCOS BAR,Via Valbusa Grande,7,Rovereto,38068,,,['BAR']
45,FARMACIA S. MARCO,Piazza Erbe,17,Rovereto,38068,,,['FARMACIA']
46,B. SALVETTI FABBRICA OMBRELLI MERCERIE E MANIFATTURE,Piazza C. Battisti,32,Rovereto,38068,,,[]
47,MANIFATTURE ZOCCHE LUIGI,Via Roma,47,Rovereto,38068,,,[]
48,RISTORANTE BAR ALBERGO SERRAIA,Viale della Serraia,3,Baselga di Piné,38042,,ristorante bar,"['BAR', 'RISTORANTE', 'ALBERGO']"
49,BAR TAVOLA CALDA PIZZERIA ALPINO,Corso Roma,3,Baselga di Piné,38042,,,"['BAR', 'PIZZERIA']"
50,RISTORANTE BAR ALBERGO VILLA ANITA,Via del Fosch,21,Baselga di Piné,38042,,ristorante bar,"['BAR', 'RISTORANTE', 'ALBERGO']"
51,RISTORANTE BAR CA’ DEI BOCI,Via Domenica Targa,1,Baselga di Piné,38042,Montagnaga,ristorante bar,"['BAR', 'RISTORANTE']"
52,HOTEL BELVEDERE WELLNESS & FAMILY,Via Domenica Targa,1,Baselga di Piné,38042,Montagnaga,ristorante bar,"['BAR', 'RISTORANTE', 'HOTEL']"
53,BAR PASTI VELOCI GELATERIA PASTICCERIA PINETANA,Corso Roma,61,Baselga di Piné,38042,,,['BAR']
54,SEGHERIA E LEGNAMI DI SIGHEL RENZO,Via Marconi,11,Baselga di Piné,38042,,,[]
55,MACELLERIA SIGHEL SRL,Via Cesare Battisti,49,Baselga di Piné,38042,,,['MACELLERIA']
56,"FAMIGLIA COOPERATIVA ALTOPIANO DI PINE’ SCARL, PUNTO VENDITA",Via 4 Novembre,24,Baselga di Piné,38042,Montagnaga,,[]
57,"FAMIGLIA COOPERATIVA ALTOPIANO DI PINE’ SCARL, PUNTO VENDITA",Via Roma,9,Baselga di Piné,38042,,,[]
58,"FAMIGLIA COOPERATIVA ALTOPIANO DI PINE’ SCARL, PUNTO VENDITA",Via della Chiesa, 6/3,Baselga di Piné,38042,Miola,,[]
59,"FAMIGLIA COOPERATIVA ALTOPIANO DI PINE’ SCARL, PUNTO VENDITA",Via dei Piani,54,Baselga di Piné,38042,Faida,,[]
60,FARMACIA MORELLI S.N.C. DI MORELLI DOTT. GIUSEPPE & C.,Via Cesare Battisti,93,Baselga di Piné,38042,,,['FARMACIA']
61,ORTOFRUTTA - GRAPPOTECA DI ZANEI GIUSEPPE & C. S.N.C.,Via Cesare Battisti,86,Baselga di Piné,38042,,,[]
62,CALZATURE CARLIN,Via Pergine,14,Baselga di Piné,38042,Montagnaga,,['CALZATURE']
63,RIVENDITA TABACCHI N. 5 DI BROSEGHINI CATERINA,Via Cesare Battisti,121,Baselga di Piné,38042,,,['TABACCHI']
64,OTTICI DEFLORIAN MARANGONI DI MARANGONI DONATELLA,Corso Roma,84,Baselga di Piné,38042,,,[]
65,BAZAR IORIATTI LINO & C. S.N.C.,Corso Roma,2,Baselga di Piné,38042,,,['BAZAR']
66,MINIMERCATO DALSANT GIUSEPPINA & C. SAS,,96,Baselga di Piné,38042,Rizzolaga / Campolongo,,[]
67,PANIFICIO ANESI DI ANESI ALESSANDRO,Corso Roma,77,Baselga di Piné,38042,,,['PANIFICIO']
68,MACELLERIA FRANCESCHI ANDREA E C. SNC,Corso Roma,34,Baselga di Piné,38042,,,['MACELLERIA']
69,ORTOFRUTTA ALIMENTARI RAVANELLI RENZO,Corso Roma,47,Baselga di Piné,38042,,,['ALIMENTARI']
70,COLTELLERIA S. MARCO F.LLI VALENTINI SNC,Piazzetta Agostiniani,1,Trento,38122,,,[]
71,ANTICA TRATTORIA AL VOLT DI DANIELA CARESIA,Via Santa Croce,16,Trento,38122,,,[]
72,NATURERBE S.N.C.,Piazza Fiera,7,Trento,38122,,esercizio commerciale,[]
73,LA CANTINOTA RISTORANTE,Via San Marco,22,Trento,38122,,,['RISTORANTE']
74,OSTERIA COE DI PLOTEGHER CHRITIAN,Via Caduti Malga Zonta,7,Folgaria,38064,Passo Coe,,[]
75,JOHN CLUB SAS DI SCHÖNSBERG GIOVANNI & C.,Via E. Colpi,52,Folgaria,38064,,bar,['BAR']
76,RISTORANTE BAR HOTEL MARTINELLA DI PLOTEGHER STEFANO,Via Martinella,53,Folgaria,38064,Serrada,,"['BAR', 'RISTORANTE', 'HOTEL']"
77,RISTORANTE BAR ALBERGO TOMASI DI TOMASI MASSIMILIANO,Via E. Colpi,108,Folgaria,38064,,,"['BAR', 'RISTORANTE', 'ALBERGO']"
78,CASALINGHI MARTINO S.A.S. DI PERGHER GELMI BRUNA E FIGLI,Via E. Colpi,131,Folgaria,38064,,,[]
79,RISTORANTE ALBERGO MILANO DI CAPPELLETTI PAOLA,Via L. Cadorna,27,Folgaria,38064,,,"['RISTORANTE', 'ALBERGO']"
80,BAR PASTICCERIA DALSASS DI CUEL SILVANA & C. SNC,Via E. Colpi,61,Folgaria,38064,,,['BAR']
81,BAR CENTRALE DI CANALIA LUISA,Via Pasubio,26,Folgaria,38064,Serrada,,['BAR']
82,PIZZERIA SCOIATTOLO CENTER SERVICE DI COROTTI GIANDARLO & C. SAS,Via E. Colpi,233,Folgaria,38064,,,['PIZZERIA']
83,ORTOFRUTTA GASPEROTTI FULVIO,Via E. Colpi,127,Folgaria,38064,,,[]
84,ORTOFRUTTA VENERI PAOLO,Via Roma,85,Folgaria,38064,,,[]
85,MINIMARKET TARGHER S.A.S. DI TARGHER MAURO & C.,Via E. Colpi,9,Folgaria,38064,,,[]
86,PANIFICIO BARBETTI GUIDO DI BARBETTI BRUNO & C. S.N.C.,Via Nazioni Unite,40,Folgaria,38064,Costa,,"['BAR', 'PANIFICIO']"
87,RISTORANTE HOTEL ALPINO S.R.L.,Via E. Colpi,170,Folgaria,38064,,,"['RISTORANTE', 'HOTEL']"
88,RISTORANTE LOCANDA DA UGO DI LEITEMPERGHER ETTORE,Via E. Colpi,343,Folgaria,38064,,,['RISTORANTE']
89,BAZAR TABACCHI PEROTTO LUCIA ASSUNTA,Via G. Carducci,45,Folgaria,38064,Carbonare,,"['TABACCHI', 'BAZAR']"
90,FOTO OTTICA PLOTEGHER ALCIDE,Via E. Colpi,143,Folgaria,38064,,,[]
91,MINIMARKET SCALZERI GIANNA,Via A. Manzoni,14,Folgaria,38064,Carbonare,,[]
92,ANTICA MACELLERIA E SALUMERIA CAPPELLETTI DI CAPPELLETTI ANDREA,Via E. Colpi,1,Folgaria,38064,,,['MACELLERIA']
93,NEGOZIO MARIAROSA DI FESTI GIUSTINO,Via E. Colpi,21,Folgaria,38064,,,[]
94,MACELLERIA CANALIA MAURO,Via E. Colpi,171,Folgaria,38064,,,['MACELLERIA']
95,BAR RISTORANTE CONCA D’ORO DI GEROLA FIORENZO,,160,Folgaria,38064,Fondo Grande,,"['BAR', 'RISTORANTE']"
96,RISTORANTE BAR ALBERGO AL SOLE DI ALICE E MARIANNA DALPRA’ SNC,Via L. Nazionale,49,Folgaria,38064,San Sebastiano,,"['BAR', 'RISTORANTE', 'ALBERGO']"
97,EDICOLA RIVENDITA TABACCHI N° 3 DI WEGHER PAOLO,Via Roma, 71/73,Folgaria,38064,,,['TABACCHI']
98,MILLE COSE SNC DI PLOTEGHER MAURO E MICHELA & C.,Via E. Colpi,135,Folgaria,38064,,,[]
99,SPECIALITA’ ALIMENTARI DI PAOLO E GIANNI ALIMENTARI FINAROLLI DI GILBERTI PAOLO & C. S.N.C.,Via Mercerie, 7-9,Rovereto,38068,,,['ALIMENTARI']
100,LUIGI ALDRIGHETTONI DI ALDRIGHETTONI GIOVANNI BATTISTA,Via Paoli, 18/B,Rovereto,38048,,esercizio commerciale,[]
101,RISTORANTE  BAR BENACO di NODARI GIOVANNI & C. S.A.S.,Via Benaco,35,Torbole sul Garda,38033,,,"['BAR', 'RISTORANTE']"
102,CAFFE’ ALEXANDER BERNARDI GIORGIO & C. SNC,Piazza Municipio,4,Pergine Valsugana,38057,,,[]
103,OCHNER LUIGI,Piazza Municipio,20,Pergine Valsugana,38057,,esercizio commerciale,[]
104,BAR AL PONTE di TARGA MATTEO,Via Al Ponte,4,Pergine Valsugana,38057,,,['BAR']
106,PANIFICIO BERTOLDI S.N.C. DI BERTOLDI FABIO & C.,,105,Lavarone,38046,Gionghi,,['PANIFICIO']
107,CERVO S.N.C. DI MARCHESI CARLO & F.LLI,Piazza Milano,2,Lavarone,38046,,ristorante bar,"['BAR', 'RISTORANTE']"
108,PICCOLO BAZAR DI GIONGO MARIO,,96,Lavarone,38046,Gionghi,,['BAZAR']
109,STENGHELE FRATELLI S.N.C. DI STENGHELE FRANCESCO GINO & C.,Via Trieste,18,Lavarone,38046,,esercizio commerciale,[]
110,RISTORANTE BAR HOTEL DU LAC DI GABRIELLI ANDREA & C. S.A.S.,Via Trieste,32,Lavarone,38046,,,"['BAR', 'RISTORANTE', 'HOTEL']"
111,FAMIGLIA COOPERATIVA LAVARONE S.C.A.R.L.,,5,Lavarone,38046,Bertoldi,,[]
113,DALSASSO EUGENIO,Via Piave,6,Pergine Valsugana,38057,,esercizio commerciale,[]
114,A.B. INTIMO DI BRUNELLI SILVANA E EVANGELISTI LUIGINO S.N.C.,Via Chimelli,18,Pergine Valsugana,38057,,,[]
115,LA ROTONDA DI BETTI MARCO & C. S.N.C.,Viale Venezia,37,Pergine Valsugana,38057,,ristorante,['RISTORANTE']
116,GIOIELLERIA ANDREATTA SAS DI ANDREATTA ALESSANDRO & C.,Corso Roma,72,Baselga di Piné,38042,,,[]
117,FARMACIA DE BATTAGLIA,Piazza Pasi,20,Trento,38122,,,['FARMACIA']
119,MOSER CICLI,Via Calepina,63,Trento,38122,,,[]
120,FOTO CINE LA ROTONDA,Via San Vigilio,7,Trento,38122,,,[]
121,FARMACIA DOTT. SANTONI,Piazza Filzi,21,Rovereto,38068,,,['FARMACIA']
122,OREFICERIA FRANCO GOTTARDI,Viale Dante,50,Tione di Trento,38079,,,[]
123,BAR BELEM DI BERTOLDI FRANCA,,57,Lavarone,38046,Bertoldi,,['BAR']
124,BAR ALBERGO NAZIONALE DI PACE ENLI & C. SNC,Piazza Milano,6,Lavarone,38046, Cappella,bar,"['BAR', 'ALBERGO']"
125,TABACCHI PACE ENLI,Piazza Milano,6,Lavarone,38046, Cappella,,['TABACCHI']
126,CASEIFICIO DEGLI ALTIPIANI E DEL VEZZENA S.C.A.,Via Marconi,5,Lavarone,38046, Cappella,,[]
127,FOTO EMANUELLI,Via S. Bernardino,2,Arco,38062,,,[]
128,BAZAR DEL POPOLO,Via Vergolano,16,Arco,38062,,,['BAZAR']
130,MANIFATTURE LOMBARDE,Via Segantini,78,Arco,38062,,,['BAR']
131,CALZATURE GIULIANI,Via Segantini,105,Arco,38062,,,['CALZATURE']
132,ALIMENTARI TRENTI,Via S. Bernardino,9,Arco,38062,,,['ALIMENTARI']
133,ZAMBONI TESSUTI,Piazza 3 Novembre,6,Arco,38062,,,[]
134,RISTORANTE HOTEL MARCHI,Via Ferrera,22,Arco,38062,,,"['RISTORANTE', 'HOTEL']"
135,RISTORANTE ALLA LEGA,Via Vergolano,8,Arco,38062,,,['RISTORANTE']
136,RISTORANTE BELVEDERE,Via Serafini,2,Arco,38062,,,['RISTORANTE']
137,PANIFICIO PULIN SAS,Via Cavour,23,Trento,38122,,,['PANIFICIO']
138,ANTICA MACELLERIA BALLARDINI,Via del Foro,14,Tione di Trento,38079,,,['MACELLERIA']
139,CARTOLIBRERIA B. ANTOLINI,Viale Dante,5,Tione di Trento,38079,,,[]
140,DI FLORIO MARIA TERESA,Via del Moleta,8,Cinte Tesino,38050,,esercizio commerciale,[]
141,FAMIGLIA COOEPRATIVA VALLE SAN FELICE,Piazza San Felice,12,Mori,38065, Valle San Felice,,[]
142,ABBIGLIAMENTO MAGANOTTI MARIA GRAZIA,Piazza Cal Di Ponte,15,Mori,38065,,,[]
143,TRATTORIA - BAR AL LAGO,Via del Garda,1,Mori,38065, Loppio,,['BAR']
144,FABBRICA RETI E MATERIASSI MENEGHELLI,Largo Villanuova,32,Mori,38065,,,[]
145,LA BOTTEGA DI GARUFFO LIA,Via Modena,51,Mori,38065,,,[]
146,VINERIA – BAR BAROLDI,Via Modena,35,Mori,38065,,,['BAR']
147,BAR SANI,Piazza Cal Di Ponte,16,Mori,38065,,,['BAR']
148,FORGIATURA MARCHIORI,Via Monte Baldo, 6/A,Mori,38065,,,[]
149,FERRAMENTA MALFATTI,Piazza Cal Di Ponte,4,Mori,38065,,,['FERRAMENTA']
150,OFFICINA BOMBARDELLI,Via Matteotti,96,Mori,38065,,,['BAR']
151,EDICOLA CARTOLERIA PERINI,Piazza Cal Di Ponte,28,Mori,38065,,,[]
152,ALIMENTARI MIORELLI,Via Modena,2,Mori,38065,,,['ALIMENTARI']
153,CAFFE’ DEL GELSO,Via Garibaldi,3,Mori,38065,,,[]
154,MACELLERIA TRANQUILLINI,Via Modena,1,Mori,38065,,,['MACELLERIA']
155,FARMACIA S. STEFANO,Via Malfatti,6,Mori,38065,,,['FARMACIA']
156,SUPERMARKET ZENI,Via Don  Sturzo,6,Mori,38065,,,[]
157,LAVANDERIA LA RINNOVA,Via Modena,65,Mori,38065,,,[]
158,PANIFICIO SARTORI,Piazza Cal Di Ponte,32,Mori,38065,,,['PANIFICIO']
159,BAR RISTORANTE ALBERGO ALLA COSTA,Piazza Concei,3,Ledro,38067, Bezzecca,,"['BAR', 'RISTORANTE', 'ALBERGO']"
160,BAR RISTORANTE ALBERGO ALLA PERLA,Via Garibaldi,63,Ledro,38067, Tiarno di Sotto,,"['BAR', 'RISTORANTE', 'ALBERGO']"
161,BAR RISTORANTE ALBERGO ALPINO,Via Cassoni,16,Ledro,38067, Pieve di Ledro,,"['BAR', 'RISTORANTE', 'ALBERGO']"
162,BAR RISTORANTE ALBERGO CASAVECCHIA,Via G. Marconi, 11/A,Ledro,38067, Tiarno di Sopra,,"['BAR', 'RISTORANTE', 'ALBERGO']"
163,BAR RISTORANTE ALBERGO MAGGIORINA,Via XXIV Ottobre,9,Ledro,38067, Bezzecca,,"['BAR', 'RISTORANTE', 'ALBERGO']"
164,BAR RISTORANTE ALBERGO VITTORIA,Piazza Milin,1,Ledro,38067, Tiarno di Sopra,,"['BAR', 'RISTORANTE', 'ALBERGO']"
165,BAR POSTA,Via G. Marconi,93,Ledro,38067, Tiarno di Sopra,,['BAR']
166,CAFFÈ BAR CENTRALE,Piazza Garibaldi,7,Ledro,38067,Bezzecca,,['BAR']
167,BAR RISTORANTE PIZZERIA CAMPEGGIO AL LAGO,Via Alzer,7,Ledro,38067, Pieve di Ledro,,"['BAR', 'RISTORANTE', 'PIZZERIA']"
168,CASARI FERRAMENTA,Via Maffei,3,Ledro,38067,Molina di Ledro,,['FERRAMENTA']
169,OFFICINA MECCANICA DISTRIBUTORE MAZZOLA,Via Maffei,77,Ledro,38067,Molina di Ledro,,[]
170,OFFICINA MECCANICA DISTRIBUTORE PELLEGRINI,Via Nuova,8,Ledro,38067, Pieve di Ledro,,[]
171,BAR RISTORANTE ECO AMBIENTI HOTEL ELDA,Via III Giugno,3,Ledro,38067, Lenzumo,,"['BAR', 'RISTORANTE', 'HOTEL']"
172,FARMACIA FOLETTO,Via Vittoria,11,Ledro,38067, Pieve di Ledro,,['FARMACIA']
173,BAR RISTORANTE HOTEL CADRIA,Via Unità d’Italia,25,Ledro,38067, Lenzumo,,"['BAR', 'RISTORANTE', 'HOTEL']"
174,BAR RISTORANTE HOTEL LIDO,Via Pribram,1,Ledro,38067, Pieve di Ledro,,"['BAR', 'RISTORANTE', 'HOTEL']"
175,BAR RISTORANTE HOTEL MEZZOLAGO,Via Lungolago, 4/6,Ledro,38067, Mezzolago,,"['BAR', 'RISTORANTE', 'HOTEL']"
176,LA BOTTEGA DELL’ARTIGIANO,Via Vittoria,22,Ledro,38067, Pieve di Ledro,,[]
177,MACELLERIA CIS MASSIMO,Via XXI Luglio,8,Ledro,38067,Bezzecca,,['MACELLERIA']
178,MACELLERIA ZECCHINI,Piazza Obbedisco,13,Ledro,38067,Bezzecca,,['MACELLERIA']
179,OSTERIA LA TORRE,Via Vittoria,28,Ledro,38067, Pieve di Ledro,,[]
180,PANIFICIO F.LLI TOMASONI S.A.S.,Via C. Battisti,5,Ledro,38067,Bezzecca,,['PANIFICIO']
181,RIFUGIO AL FAGGIO,Località al Faggio,,Ledro,38067, Concei,rifugio escursionistico,[]
182,RIBAGA SELF SERVICE,Via Vittorio Emanuele,65,Ledro,38067, Tiarno di Sopra,,[]
183,BAR RISTORANTE FALORIA,Piaz De Sotegrava,17,Moena,38035,,,"['BAR', 'RISTORANTE']"
184,CASABELLA IDEE REGALO,Cort Del Batesta,10,Moena,38035,,,[]
185,ARTICOLI DA REGALO LIBRERIA CROCE MARIA CRISTINA,Piaz De Ramon,1,Moena,38035,,,[]
186,EN SLUCK,Strada Cerilo Dellantonio Bora,4,Moena,38035,,esercizio commerciale,[]
187,FARMACIA DOTT. RIGONI,Strada Cerilo Dellantonio Bora,2,Moena,38035,,,['FARMACIA']
188,BAR HOTEL CAVALLETTO,Strada De Fachin,1,Moena,38035,,,"['BAR', 'HOTEL']"
189,BAR HOTEL MARIA,Strada De Sen Pelegrin,1,Moena,38035,,,"['BAR', 'HOTEL']"
190,IELLICI SPORT CALZATURE,Piaz De Ramon,62,Moena,38035,,,"['CALZATURE', 'SPORT']"
191,MODE SPORT,Piaz De Ramon,48,Moena,38035,,,['SPORT']
192,BAR HOTEL MANZONI,Sen Pelegrin,14,Moena,38035,,,"['BAR', 'HOTEL']"
193,BAR RISTORANTE LO SFIZIO,Piaz De Ramon,32,Moena,38035,,,"['BAR', 'RISTORANTE']"
194,BAR SPORTHOTEL SAN VIGILIO,L Vial,23,Moena,38035,,,"['BAR', 'HOTEL', 'SPORT']"
195,CALZATURE ZANONER,Strada Ermanno Zanoner – Canori,8,Moena,38035,,,['CALZATURE']
196,ALIMENTARI MANINFIOR ANITA,Via C. A. Martini,51,Revò,38028,,,['ALIMENTARI']
197,ALIMENTARI SANDRI,Via C. A. Martini,2,Revò,38028,,,['ALIMENTARI']
198,ALIMENTARI WEGHER GIOVANNA,Piazza S. Maurizio,,Revò,38028, Tregiovo,,['ALIMENTARI']
199,BAR ZILLER,Via C. A. Martini,19,Revò,38028,,,['BAR']
200,CALZATURIFICIO ROSSI LUIGI DI ROSSI DIEGO,Via C. A. Martini,53,Revò,38028,,,[]
201,CASEIFICIO SOCIALE MONTE OZOLO,Via Dei Maurini Bassi,2,Revò,38028,,,[]
202,CONFEZIONI ZILLER,Via C. A. Martini,7,Revò,38028,,,[]
203,ELETTROMARTINI,Piazza della Madonna Pellegrina,8,Revò,38028,,,[]
204,FABBRO GENTILINI MAURIZIO,Via C. A. Martini,45,Revò,38028,,,[]
205,FARMACIA SILVESTRI LUCIANA,Via J. A. Maffei,4,Revò,38028,,,['FARMACIA']
206,FERRAMENTA FERRARI GIULIANO,Via C. A. Martini,13,Revò,38028,,,['FERRAMENTA']
207,SALUMIFICIO ARTIGIANALE FLAIM,Via C. A. Martini,9,Revò,38028,,,[]
208,BAR RISTORANTE HOTEL REVÒ,Via G. Verdi,13,Revò,38028,,,"['BAR', 'RISTORANTE', 'HOTEL']"
209,ARTICOLI SPORTIVI DI VARESCO MARIO & C. SNC,Via Prai de Mont,10,Predazzo,38037, Bellamonte,,['SPORT']
210,FOTO BONINSEGNA,Via Trento,27,Predazzo,38037,,,[]
211,CASALINGHI MORANDINI,Via Trento,32,Predazzo,38037,,,[]
212,CEMIN SPORT,Piazza SS. Filippo e Giacomo,9,Predazzo,38037,,,['SPORT']
213,EL MAMA FERRAMENTA,Via Garibaldi,1,Predazzo,38037,,,['FERRAMENTA']
214,SUPERMERCATO FAMIGLIA COOPERATIVA,Via C. Battisti,21,Predazzo,38037,,,[]
215,CALZATURE GARDENER,Via Roma,26,Predazzo,38037,,,['CALZATURE']
217,MACELLERIA DELLANTONIO,Via C. Battisti,2,Predazzo,38037,,,['MACELLERIA']
218,OREFICERIA TONINI,Via C. Battisti,15,Predazzo,38037,,,[]
219,CALZATURE SEBER SANDRA,Piazza SS. Filippo e Giacomo,5,Predazzo,38037,,,['CALZATURE']
220,BAR RISTORANTE ALBERGO ANTICO,Via Prai de Mont,19,Predazzo,38037, Bellamonte,,"['BAR', 'RISTORANTE', 'ALBERGO']"
221,BAR RISTORANTE ALBERGO MONTANARA,Via Indipendenza,110,Predazzo,38037,,,"['BAR', 'RISTORANTE', 'ALBERGO']"
222,BAR RISTORANTE ALBERGO ROSA,Via Garibaldi,30,Predazzo,38037,,,"['BAR', 'RISTORANTE', 'ALBERGO']"
223,BAR RISTORANTE ALBERGO STELLA ALPINA,Via Prai de Mont,9,Predazzo,38037, Bellamonte,,"['BAR', 'RISTORANTE', 'ALBERGO']"
224,BAR RISTORANTE ALBERGO VINELLA,Via Mazzini,76,Predazzo,38037,,,"['BAR', 'RISTORANTE', 'ALBERGO']"
225,BAR RISTORANTE ALBERGO ANCORA,Via IX Novembre,1,Predazzo,38037,,,"['BAR', 'RISTORANTE', 'ALBERGO']"
226,BAR RISTORANTE ALBERGO BELLARIA,Corso Degasperi,20,Predazzo,38037,,,"['BAR', 'RISTORANTE', 'ALBERGO']"
227,BAR RISTORANTE ALBERGO TOURING,Via Trento,5,Predazzo,38037,,,"['BAR', 'RISTORANTE', 'ALBERGO']"
228,BAR CAORER,Vicolo del Caorer,11,Predazzo,38037,,,['BAR']
229,BAR EL PIRLE,Via Dante,32,Predazzo,38037,,,['BAR']
230,CAFFÈ CROCE,Via Dellagiacoma,5,Predazzo,38037,,,[]
231,BAR RISTORANTE MIOLA,,1,Predazzo,38037,Miola,,"['BAR', 'RISTORANTE']"
233,RISTORANTE BAR ALBERGO VILLA ROSA,Via San Giuseppe,19,Roncegno Terme,38050,,,"['BAR', 'RISTORANTE', 'ALBERGO']"
234,RISTORANTE PALACE HOTEL,Palace Hotel,1,Roncegno Terme,38050,,,"['RISTORANTE', 'HOTEL']"
235,BAR RISTORANTE ALBERGO ALLA STAZIONE,Via Nazionale,20,Roncegno Terme,38050, Marter,,"['BAR', 'RISTORANTE', 'ALBERGO']"
236,MACELLERIA HOFFER ELISA,Via San Giuseppe,2,Roncegno Terme,38050,,,['MACELLERIA']
237,FAMIGLIA COOPERATIVA LAGORAI,Piazza Montebello,9,Roncegno Terme,38050,,,[]
238,MACELLERIA HOFFER FABRIZIO,Via Battaglione Basseggio,2,Roncegno Terme,38050,,,['MACELLERIA']
239,ALIMENTARI HOFFER NICOLETTA,Piazza Achille De Giovanni,,Roncegno Terme,38050,,,['ALIMENTARI']
240,RISTORANTE ALBERGO GARNÌ VITTORIA,Via San Giuseppe,1,Roncegno Terme,38050,,,"['RISTORANTE', 'ALBERGO']"
241,CASALINGHI BERTAGNOLLI FERRAMENTA,Piazza Dante, 8/9,Cavalese,38033,,,['FERRAMENTA']
242,PASTICCERIA COSE BUONE DA PAOLO,Piazza Scopoli,12,Cavalese,38033,,,[]
243,TABARELLI GIORNALI TABACCHI SOUVENIR,Piazza Verdi,11,Cavalese,38033,,,"['BAR', 'TABACCHI']"
244,VIDEO UNO,Piazza Scopoli,7,Cavalese,38033,,esercizio commerciale,[]
245,CORNICI PLASTICOLOR SELLE,Via IX Novembre,10,Cavalese,38033,,,[]
246,CARTOLIBRERIA SPAZZALI,Piazza Scopoli,13,Cavalese,38033,,,[]
247,RISTORANTE HOTEL LA STUA,Via Baldieroni,2,Cavalese,38033,,,"['RISTORANTE', 'HOTEL']"
248,RISTORANTE VECCHIA FONTANA,Piazza Venezia,38,Levico Terme,38056,,,['RISTORANTE']
249,BAR MASO AL VETRIOLO VECCHIO,,49,Levico Terme,38056,Vetriolo,,['BAR']
250,MACELLERIA DEL CENTRO,Via Garibaldi,3,Levico Terme,38056,,,['MACELLERIA']
251,FARMACIA DE PREZ,Via Dante,29,Levico Terme,38056,,,['FARMACIA']
252,BAR-ALBERGO NAZIONALE,Via Della Chiesa di Santa Giuliana,,Levico Terme,38056,,,"['BAR', 'ALBERGO']"
253,RISTORANTE-BAR-ALBERGO GARDEN,Viale Vittorio Emanuele,22,Levico Terme,38056,,,"['BAR', 'RISTORANTE', 'ALBERGO']"
254,FRIGO PRODOTTI TIPICI,Via Regia,4,Levico Terme,38056,,,[]
255,ALIMENTARI CONCI SAMUELA,Piazza Venezia,13,Levico Terme,38056,,,['ALIMENTARI']
256,RISTORANTE-BAR-ALBERGO G.H. BELLAVISTA,Viale Vittorio Emanuele,,Levico Terme,38056,,,"['BAR', 'RISTORANTE', 'ALBERGO']"
257,MOBILI ARESE,Viale Stazione,,Levico Terme,38056,,,[]
258,FIORERIA OGNIBENI IVANA,Via Garibaldi,69,Levico Terme,38056,,,[]
259,ANTICA FARMACIA ROMANESE,Via Regia,12,Levico Terme,38056,,,['FARMACIA']
260,MERCERIE VERGOT,Via Regia,1,Levico Terme,38056,,,[]
261,CASALINGHI-ELETTRODOMESTICI TADDEI GIULIANO,Via Garibaldi,66,Levico Terme,38056,,,[]
262,ORTOFRUTTA SCAPIN GIANNI,Via Cavour,49,Levico Terme,38056,,,[]
263,LANA MODA,Via Regia,19,Levico Terme,38056,,,[]
264,VIVISPORT S.N.C.,Via Regia,11,Levico Terme,38056,,,['SPORT']
265,CONCESSIONARIA BASSETTI,C.so Centrale,22,Levico Terme,38056,,,[]
266,BAR AL CONTE,Via Regia,8,Levico Terme,38056,,,['BAR']
267,BAR CAMINETTO,Via Dante,22,Levico Terme,38056,,,['BAR']
268,RISTORANTE-BAR ANTICA ROSA,Via Garibaldi,,Levico Terme,38056,,,"['BAR', 'RISTORANTE']"
269,EDICOLA PASSERINI ALBERTO,Via Guglielmo Marconi,,Levico Terme,38056,,,[]
270,BAR LINO,Via Dante,8,Levico Terme,38056,,,['BAR']
271,BAR SERENA,Via Regia,21,Levico Terme,38056,,,['BAR']
272,RISTORANTE-BAR SANDRO,Via Domenico Mons. Caproni,,Levico Terme,38056,,,"['BAR', 'RISTORANTE']"
273,DALSASSO ABBIGLIAMENTO,Via Dante,34,Levico Terme,38056,,,[]
274,GIOVANNINI LUISA,Via C. Battisti n. 19,,Pergine Valsugana,38057,,esercizio commerciale,[]
275,BAR - RISTORANTE ALBERGO AL BIVIO,Via Nazionale,169,Imer,38050,,,"['BAR', 'RISTORANTE', 'ALBERGO']"
276,RISTORANTE ALBERGO AL LAGO,,9,Imer,38050,Pontet,,"['RISTORANTE', 'ALBERGO']"
277,B. & B. LEGNO DI BETTEGA GRAZIANO & C. S.N.C.,Via Casabianca,1,Imer,38050,,,[]
278,BAR OBBER,Via Nazionale,62,Imer,38050,,,['BAR']
279,DARIO SPORT DI BETTEGA ROBERTO & C. S.A.S.,Via Nazionale,76,Imer,38050,,,['SPORT']
280,FALEGNAMERIA FRATELLI BONINSEGNA SNC,,11,Imer,38050,Giare,,[]
281,FAMIGLIA COOPERATIVA IMER,Via Nazionale,101,Imer,38050,,,[]
282,CANTINOTA,Via Nazionale n. 15,,Vallelaghi,38070,Padergnone,bar - esercizio commerciale,['BAR']
284,FERRAGLIA VITTORIO,Piazza G. Garibaldi,8,Riva del Garda,38066,,esercizio commerciale,[]
285,OTTICA ARMANI,Via Gazzoletti,23,Riva del Garda,38066,,,[]
286,FARMACIA S. CHIARA,Via S. Croce ,57,Trento,38122,,,['FARMACIA']
287,BIRRERIA PEDAVENA,Piazza Fiera,13,Trento,38122,,,[]
288,VIGILIO FRANZINELLI,Vicolo del Liceo,13,Trento,38122,,esercizio commerciale,[]
289,EL MERICAN,Via Torre Verde,50,Trento,38122,,ristorante,['RISTORANTE']
290,FOTO RENSI,Via Marchetti,28,Trento,38122,,,[]
291,OROLOGERIA M. GROPPA,Via degli Orbi,21,Trento,38122,,,[]
292,FAMIGLIA COOPERATIVA DI POVO,Piazza Manci,8,Trento,38122,,,[]
293,CALZATURE E PELLETTERIE CAPPELLO,Scala al Convento,5,Borgo Valsugana,38051,,,['CALZATURE']
294,BOTTEGA DEL COLORE,Corso Ausugum,43,Borgo Valsugana,38051,,,[]
295,VULCANO STORE,Via Spagolla,5,Borgo Valsugana,38051,,esercizio commerciale,[]
296,ARCOBALENO,Corso Ausugum,12,Borgo Valsugana,38051,,esercizio commerciale,[]
297,SEGNANA,Via Temanza,15,Borgo Valsugana,38051,,esercizio commerciale,[]
298,CAMBO,Piazza Martiri Resistenza,1,Borgo Valsugana,38051,,esercizio commerciale,[]
299,GANARIN,Via B. Venezia,15,Borgo Valsugana,38051,,esercizio commerciale,[]
300,BELLUCCO,Corso Ausugum, 60 - 66,Borgo Valsugana,38051,,esercizio commerciale,[]
301,AGOSTINI,Corso Ausugum,32,Borgo Valsugana,38051,,esercizio commerciale,[]
302,PAGNUSAT,Corso Ausugum,26,Borgo Valsugana,38051,,esercizio commerciale,[]
303,BAR CUSSO,Piazza Dante,17,Borgo Valsugana,38051,,,['BAR']
304,CAFFÈ PASTICCERIA ZITA,Piazza De Gasperi,15,Borgo Valsugana,38051,,,[]
305,BAR MILANO,Piazza Romani,7,Borgo Valsugana,38051,,,['BAR']
306,DALSASSO,Piazza Dante,15,Borgo Valsugana,38051,,esercizio commerciale,[]
307,COMUNELLO,Corso Ausugum,19,Borgo Valsugana,38051,,esercizio commerciale,[]
308,MACELLERIA BAGGETTO,Via Giuseppe Terrabugio,4,Primiero San Martino di Castrozza,38054,Fiera di Primiero,,['MACELLERIA']
309,CALZATURE TAMANINI,Via Giuseppe Terrabugio,5,Primiero San Martino di Castrozza,38054,Fiera di Primiero,,['CALZATURE']
310,FARMACIA ALLA MADONNA,Via Guadagnini,28,Primiero San Martino di Castrozza,38054,Fiera di Primiero,,['FARMACIA']
311,BELLOTTO GIOIELLI,Salita Luigi Negrelli,,Primiero San Martino di Castrozza,38054,Fiera di Primiero,,[]
312,CANTINA CESARI,Via San Francesco,,Primiero San Martino di Castrozza,38054,Fiera di Primiero,,[]
313,ARREDAMENTI GUBERT FRANCO,Via San Francesco,4,Primiero San Martino di Castrozza,38054,Fiera di Primiero,,[]
314,PASTICCERIA GIOVANNA SIMION,Piazzetta del Dazio,5,Primiero San Martino di Castrozza,38054,Fiera di Primiero,,[]
315,SPORTING GAIO,Via Giuseppe Terrabugio,40,Primiero San Martino di Castrozza,38054,Fiera di Primiero,,['SPORT']
316,FOTO OTTICA GILLI,Via Giuseppe Garibaldi,33,Primiero San Martino di Castrozza,38054,Fiera di Primiero,,[]
317,CREPAZ FLORIO,Via San Francesco,14,Primiero San Martino di Castrozza,38054,Fiera di Primiero,esercizio commerciale,[]
318,RISTORANTE BAR ALBERGO DOLOMITI,Viale Piave,9,Primiero San Martino di Castrozza,38054,Fiera di Primiero,,"['BAR', 'RISTORANTE', 'ALBERGO']"
319,ORTOFRUTTA MELCHIORI,Via San Francesco,16,Primiero San Martino di Castrozza,38054,Fiera di Primiero,,[]
320,BAR AQUILA NERA,Piazza Cesare Battisti,9,Primiero San Martino di Castrozza,38054,Fiera di Primiero,,['BAR']
321,LAVASECCO LA RAPIDA,Piazza Cesare Battisti,1,Primiero San Martino di Castrozza,38054,Fiera di Primiero,,[]
322,GAUDENZI FRANCESCO,Via Terrabugio,14,Primiero San Martino di Castrozza,38054,Fiera di Primiero,esercizio commerciale,[]
323,TROTTER CALZATURE,Via Giuseppe Garibaldi,6,Primiero San Martino di Castrozza,38054,Fiera di Primiero,,['CALZATURE']
324,MACELLERIA GADENZ,Via Fiume,18,Primiero San Martino di Castrozza,38054,Fiera di Primiero,,['MACELLERIA']
325,GADENZ SEBASTIANO,Via Fiume,3,Primiero San Martino di Castrozza,38054,Fiera di Primiero,esercizio commerciale,[]
326,BAR TABACCHI WEISS,Piazza Luigi Negrelli,3,Primiero San Martino di Castrozza,38054,Fiera di Primiero,,"['BAR', 'TABACCHI']"
327,BETTY BAR,Via alla Malga,11,Pergine Valsugana,38057,Susà,,['BAR']
328,ARREDI MORELLI,Via Marconi,11,Comano Terme,38077,Ponte Arche,,[]
329,PANIFICIO ZANONI,Piazza Mercato,26,Comano Terme,38077,Ponte Arche,,['PANIFICIO']
330,LEONARDI ANTONIO,Via S. Pietro,68,Trento,38122,,esercizio commerciale,[]
331,RISTORANTE PIZZERIA VESUVIO,Via Malvasia,103,Trento,38122,,,"['RISTORANTE', 'PIZZERIA']"
332,BERLANDA LA NASCENTE,Via Segantini,67,Arco,38062,,esercizio commerciale,[]
333,NEGRI FIORI,Via Vergolano,28,Arco,38062,,,[]
334,TORBOLI MARCO,Via Segantini,24,Arco,38062,,esercizio commerciale,[]
335,ALPINA,Via della Predolcia,21,Pergine Valsugana,38057,Viarago,pubblico esercizio esercizio commerciale,[]
336,RISTORANTE BAR HOTEL STELLA DELLE ALPI,Via Mendola,41,Ronzone,38010,,,"['BAR', 'RISTORANTE', 'HOTEL']"
337,RISTORANTE BAR HOTEL REGINA DEL BOSCO,Via Mendola,48,Ronzone,38010,,,"['BAR', 'RISTORANTE', 'HOTEL']"
338,LA BOTTEGA,Via Mendola,27,Ronzone,38010,,esercizio commerciale,[]
339,SEGHERIA IMBALLAGGI ABRAM SILVIO & C. SNC,Via Cesare Battisti,2,Sarnonico,38011,,,[]
340,RISTORANTE HOTEL IL FALCHETTO,,,Sarnonico,38011,Regole,,"['RISTORANTE', 'HOTEL']"
341,BAR RISTORANTE REGOLE,,,Sarnonico,38011,Regole,,"['BAR', 'RISTORANTE']"
342,DE LUCA FABIO FABBRO,Via Cesare Battisti,8,Sarnonico,38011,,,[]
343,BAR CENTRALE,Via Cesare Battisti,30,Sarnonico,38011,,,['BAR']
344,BAR RISTORANTE PIZZERIA LA RUSTICA,Via Cesare Battisti,31,Sarnonico,38011,,,"['BAR', 'RISTORANTE', 'PIZZERIA']"
345,FAMIGLIA COOPERATIVA MARTER,Via Nazionale,11,Roncegno,38050,Marter,,[]
346,CARTOLERIA DI HOFFER LEOPOLDA,Via A. Pola,1,Roncegno,38050,,,[]
347,PANE LATTE DOLCIUMI DI PAROLARI LUCIANA,Via 3 Novembre,19,Tione di Trento,38079,,,[]
348,FAMIGLIA COOPERATIVA CONAD,Piazza Cooperazione,6,Romeno,38010,,,[]
349,MACELLERIA ENDRIZZI SERGIO,Piazza Romana,7,Romeno,38010,,,['MACELLERIA']
350,IL FORNO DE BIASI,Piazza Graiff,9,Romeno,38010,,,[]
351,FALEGNAMERIA ROSATI ELIO,Via San Bartolomeo,59,Romeno,38010,,,[]
352,BAZAR DI FRANCISCI MARIANGELA,Piazza Lampi,24,Romeno,38010,,,['BAZAR']
353,PIZZERIA ANAUNIA,Via 4 Novembre,80,Romeno,38010,,,['PIZZERIA']
354,BAR CENTRALE DI CAIO E LORENZA,Piazza Romana,5,Romeno,38010,,,['BAR']
355,CASEIFICIO SOCIALE,Via Alla Piena,62,Romeno,38010,,,[]
356,ARTICOLI REGALO SARCLETTI,Via Al Castello,14,Romeno,38010, Malgolo,,[]
357,LATTONIERE PLAGA MATTEO,Via SS. Martiri d’Anaunia,2,Romeno,38010, Salter,,[]
358,MOBILIFICIO FRANCISCI,Via 4 Novembre,53,Romeno,38010,,,[]
359,ROEN MODE DI COGOI LUCA,Via 4 Novembre,17,Romeno,38010,,,[]
360,OSTARIA DELE STRIE,Piazza Centrale,10,Nogaredo,38060,,,[]
361,FAMIGLIA COOPERATIVA NOGAREDO,Via Verdi,15,Nogaredo,38060,,,[]
362,PARISI BRUNA ALIMENTARI,Via Del Ponte,1,Nogaredo,38060,Brancolino,,['ALIMENTARI']
363,MOBILI BETTINI,Via San Biagio,12,Nogaredo,38060,,,[]
364,BAR TRATTORIA AI MOLINI,Via Molini,7,Nogaredo,38060,Molini,,['BAR']
365,BAR PIZZERIA AI TRE FAGGI,Strada Laghi di Lamar,31,Vallelaghi,38070,Terlago,,"['BAR', 'PIZZERIA']"
366,RISTORANTE ALBERGO AL BORGHETTO,Via E. de Varda,10,Mezzolombardo,38017,,,"['RISTORANTE', 'ALBERGO']"
367,BOTTAMEDI CALZATURE,Corso Mazzini,49,Mezzolombardo,38017,,,['CALZATURE']
368,FERRAMENTA TOMASI,Corso Mazzini,53,Mezzolombardo,38017,,,['FERRAMENTA']
369,ZENI,Corso Mazzini,11,Mezzolombardo,38017,,esercizio commerciale,[]
370,TAIT,Corso Mazzini,21,Mezzolombardo,38017,,esercizio commerciale,[]
371,BAZAR TAIT MERCERIE,Via Roma,30,Mezzolombardo,38017,,,['BAZAR']
372,ABBIGLIAMENTO MAURINA,Via De Gasperi,2,Mezzolombardo,38017,,,[]
373,OREFICERIA G. CASNA,Corso Mazzini,8,Mezzolombardo,38017,,,[]
374,TESSUTI MANZATTI,Piazza Cassa di Risparmio,6,Mezzolombardo,38017,,,[]
375,PESCHERIA ROAT ROMANO,Via 4 Novembre,12,Mezzolombardo,38017,,,[]
376,OTTICA PIZZI,Via A. de Varda,20,Mezzolombardo,38017,,,[]
377,WEBER LILIANA,Corso Libertà,15,Mezzolombardo,38017,, generi di monopolio,[]
378,TAIT GIUDITTA,Via De Gasperi,40,Mezzolombardo,38017,,esercizio commerciale,[]
379,BOZ GIUSEPPE,Corso Mazzini,12,Mezzolombardo,38017,,esercizio commerciale,[]
380,LA CASA DELLA RADIO,Via A. de Varda,9/A,Mezzolombardo,38017,,,[]
381,FEDRIZZI VIGILIO & C. S.N.C.,Corso del Popolo,5,Mezzolombardo,38017,,esercizio commerciale,[]
382,FEDRIZZI ROSANNA E C. S.N.C.,Corso del Popolo,5,Mezzolombardo,38017,,esercizio commerciale,[]
383,PUNTO CASA,Via Roma,21,Molveno,38018,,,[]
384,RISTORANTE ALPOTEL VENEZIA,Via Nazionale,10,Molveno,38018,,,['RISTORANTE']
385,FRUTTA VERDURA DI GIORDANI ADELIO,P. Marconi, 5/a,Molveno,38018,,,[]
386,CENTRAL MARKET,Via Paganella,1,Molveno,38018,,,[]
387,BAR ALBERGO ITALIA,Via Lungolago,9,Molveno,38018,,,"['BAR', 'ALBERGO']"
388,RISTORANTE HOTEL MIRALAGO,Piazza Scuole,3,Molveno,38018,,,"['RISTORANTE', 'HOTEL']"
389,RISTORANTE HOTEL EXCELSIOR,Via Nazionale,41,Molveno,38018,,,"['RISTORANTE', 'HOTEL']"
390,BAR CRISTALLO,Piazza Scuole,2,Molveno,38018,,,['BAR']
391,ZENI CALZATURE,Via Roma,6,Molveno,38018,,,['CALZATURE']
392,MACELLERIA SPRINGHETTI,Via Roma,14,Molveno,38018,,,['MACELLERIA']
393,RISTORANTE HOTEL LONDRA,Via Nazionale,34,Molveno,38018,,,"['RISTORANTE', 'HOTEL']"
394,RISTORANTE ALEXANDER HOTEL,Piazza Scuole,7,Molveno,38018,,,"['RISTORANTE', 'HOTEL']"
395,RISTORANTE HOTEL BELVEDERE,Via Nazionale,9,Molveno,38018,,,"['RISTORANTE', 'HOTEL']"
396,BAR RISTORANTE HOTEL EUROPA,Via Nazionale,13,Molveno,38018,,,"['BAR', 'RISTORANTE', 'HOTEL']"
397,RISTORANTE HOTEL AURORA,Via Belvedere,8,Molveno,38018,,,"['RISTORANTE', 'HOTEL']"
398,RISTORANTE HOTEL PANORAMA,Via Nazionale,45,Molveno,38018,,,"['RISTORANTE', 'HOTEL']"
399,RISTORANTE HOTEL MOLVENO,Via Bettega,18,Molveno,38018,,,"['RISTORANTE', 'HOTEL']"
400,RISTORANTE PIZZERIA AL CAMINETTO,Via Lungolago,4,Molveno,38018,,,"['RISTORANTE', 'PIZZERIA']"
401,RISTORANTE HOTEL GLORIA,Via Lungolago,15,Molveno,38018,,,"['RISTORANTE', 'HOTEL']"
402,RISTORANTE ALBERGO STELLA ALPINA,Via Cesare Battisti,6,Molveno,38018,,,"['RISTORANTE', 'ALBERGO']"
403,CENTRO FOTO OTTICA,Piazza S. Carlo,3,Molveno,38018,,,[]
404,RISTORANTE ALBERGO DEL BRENTA,,,Molveno,38018,Pradel,,"['RISTORANTE', 'ALBERGO']"
405,RISTORANTE ALBERGO PRADEL,,,Molveno,38018,Pradel,,"['RISTORANTE', 'ALBERGO']"
406,ANGOLO MODA,Piazza San Carlo, 11/A,Molveno,38018,,,[]
407,CRONST,Via Galilei,25,Trento,38122,,esercizio commerciale,[]
408,PONTRELLI DI CARLA ZANCANELLA,Piazza C. Battisti,15,Cavalese,38033,,esercizio commerciale,[]
409,RAFFAELLA,Via IX Novembre,6,Cavalese,38033,,esercizio commerciale,[]
410,CAPPELLERIA BETTA,Piazza Dante,6,Cavalese,38033,,,[]
411,BAZAR MOSER,Piazza Libertà,14,Trento,38121,Gardolo,,['BAZAR']
412,MACELLERIA MINIMARKET HIGHLANDER,,7,Canal San Bovo,38050,Ghiaie,,['MACELLERIA']
413,BAR RISTORANTE ALBERGO AL PIN,,111,Canal San Bovo,38050,Sperandi,,"['BAR', 'RISTORANTE', 'ALBERGO']"
414,OSTERIA ALLE FOSSE,Via Fosse,148,Canal San Bovo,38050,,,[]
415,RISTORANTE ALBERGO LAGORAI,,12,Canal San Bovo,38050,Lausen,,"['RISTORANTE', 'ALBERGO']"
416,RISTORANTE ALBERGO SERENELLA,,56,Canal San Bovo,38050,Zortea,,"['RISTORANTE', 'ALBERGO']"
417,CENTRO SPESA CORONA,,141,Canal San Bovo,38050,Fosse,,[]
418,FAMIGLIA COOPERATIVA ZORTEA,Via Zortea, 57/B,Canal San Bovo,38050,,,[]
419,FAMIGLIA COOPERATIVA CANAL SAN BOVO,Via Roma,17,Canal San Bovo,38050,,,[]
420,FAMIGLIA COOPERATIVA CAORIA,,8,Canal San Bovo,38050,Caseri,,[]
421,FAMIGLIA COOPERATIVA PRADE,Piazza G. Marconi Loc. Prade,,Canal San Bovo,38050,,,[]
422,FERRAMENTA FEDRIZZI,Via Marconi,28,Comano Terme,38077,Ponte Arche,,['FERRAMENTA']
423,CAFFE’ ROMA,Largo Dordi,3,Borgo Valsugana,38051,,,[]
424,BAR RISTORANTE ALBERGO AL CERVO,Via IV Novembre,18,Tesero,38038,,,"['BAR', 'RISTORANTE', 'ALBERGO']"
425,BAR ANCORA,Via IV Novembre,32,Tesero,38038,,,['BAR']
426,CARTOLIBRERIA DEFLORIAN,Via Roma,78,Tesero,38038,,,[]
427,RISTORANTE HOTEL ERICA,,1,Tesero,38038,Stava,,"['RISTORANTE', 'HOTEL']"
428,CALZATURE ZENI SPORT,Via IV Novembre, 21/B,Tesero,38038,,,"['CALZATURE', 'SPORT']"
429,VALENTINO SCARPE,Via Roma,88,Tesero,38038,,,[]
430,EUFORIA INTIMO,Piazza Nuova, 5/B,Tesero,38038,,,[]
431,BAR STELLA,Via Roma,29,Tesero,38038,,,['BAR']
432,CANAL KATIA TABACCHERIA,Via Roma,29,Tesero,38038,,,[]
433,ELETTROSOC DI GILMOZZI ERNESTO,Via Socce,2,Tesero,38038,,,[]
434,MOBILIFICIO SILVIO DELLADIO,Via Roma,24,Tesero,38038,,,[]
435,FAMIGLIA COOPERATIVA,Via Cavada,6,Tesero,38038,,,[]
436,BAR PASTICCERIA MAZZOLENI,Piazza General Cantore,28,Trento,38121,,,['BAR']
437,PROFUMERIA BOSCHETTO,Via F.lli Bronzetti,5,Cavalese,38069,,,[]
438,L. MALGHER,Piaza del Malgher,1,San Giovanni di Fassa-Sèn Jan,38036,Pozza di Fassa,,[]
439,LINO SPORT,Strada de Meida,78,San Giovanni di Fassa-Sèn Jan,38036,Pozza di Fassa,,['SPORT']
440,RISTORANTE ALBERGO RIZZI,Piaza de Salin,6,San Giovanni di Fassa-Sèn Jan,38036,Pozza di Fassa,,"['RISTORANTE', 'ALBERGO']"
441,ELETTROGAS PEDERIVA,Strada Dolomites,121,San Giovanni di Fassa-Sèn Jan,38036,Pozza di Fassa,,[]
442,PANIFICIO EL PEK,Piaza Deodat de Dolomieu,4,San Giovanni di Fassa-Sèn Jan,38036,Pozza di Fassa,,['PANIFICIO']
443,FAMIGLIA COOPERATIVA POZZA DI FASSA,Piaza de Comun,11,San Giovanni di Fassa-Sèn Jan,38036,Pozza di Fassa,,[]
444,BAR AL PONTE,Strada de Meida,1,San Giovanni di Fassa-Sèn Jan,38036,Pozza di Fassa,,['BAR']
445,PANIFICIO BERNARD,Troi Giovanni Francesco Bernard,5,San Giovanni di Fassa-Sèn Jan,38036,Pozza di Fassa,,['PANIFICIO']
446,PANIFICIO BONINSEGNA,Piazza Cioc,20,Soraga,38030,,,['PANIFICIO']
447,BAR RISTORANTE HOTEL DE FRONZ,Strada de Pont,35,Soraga,38030,,,"['BAR', 'RISTORANTE', 'HOTEL']"
448,BAR RISTORANTE HOTEL AVISIO,Stradone de Fascia,6,Soraga,38030,,,"['BAR', 'RISTORANTE', 'HOTEL']"
449,FAMIGLIA COOPERATIVA SORAGA,Stradone de Fascia,16,Soraga,38030,,,[]
450,SPORT BRUNEL,Piazza Cioc,20,Soraga,38030,,,['SPORT']
451,TABACCHERIA GIULIANI,Stradone de Fascia,3,Soraga,38030,,,[]
452,BAR RISTORANTE HOTEL ROSALPINA,Strada de Palua,2,Soraga,38030,,,"['BAR', 'RISTORANTE', 'HOTEL']"
453,BAR RISTORANTE HOTEL ROSA,Strada Rezia,5,San Giovanni di Fassa-Sèn Jan,38039,Vigo di Fassa,,"['BAR', 'RISTORANTE', 'HOTEL']"
454,TABACCHI E SOUVENIRS GHETTA FABRIZIO,Strada de la Piazedela,3,San Giovanni di Fassa-Sèn Jan,38039,Vigo di Fassa,,['TABACCHI']
455,FOTO SPORT LADIN,Strada Roma,26,San Giovanni di Fassa-Sèn Jan,38039,Vigo di Fassa,,['SPORT']
456,OREFICERIA OROLOGERIA POLLAM,Strada Roma,17,San Giovanni di Fassa-Sèn Jan,38039,Vigo di Fassa,,[]
457,BAR BIANCO,Strada Rezia,28,San Giovanni di Fassa-Sèn Jan,38039,Vigo di Fassa,,['BAR']
458,MACELLERIA F.LLI PELLEGRIN,Strada Daniel Zen,9,San Giovanni di Fassa-Sèn Jan,38039,Vigo di Fassa,,['MACELLERIA']
459,BAR HOTEL MIRAMONTI,Strada di Molins,10,San Giovanni di Fassa-Sèn Jan,38039,Vigo di Fassa,,"['BAR', 'HOTEL']"
460,BAR RISTORANTE ACTIVE HOTEL OLYMPIC,Strada Dolomites,4,San Giovanni di Fassa-Sèn Jan,38039,Vigo di Fassa,,"['BAR', 'RISTORANTE', 'HOTEL']"
461,BAR RISTORANTE HOTEL DOLOMITI,Strada Dolomites,9,San Giovanni di Fassa-Sèn Jan,38039,Vigo di Fassa,,"['BAR', 'RISTORANTE', 'HOTEL']"
462,TONY SPORT,Strada Rezia,11,San Giovanni di Fassa-Sèn Jan,38039,Vigo di Fassa,,['SPORT']
463,BAR LADIN,Strada de la Piazedela,9,San Giovanni di Fassa-Sèn Jan,38039,Vigo di Fassa,,['BAR']
464,BAR RISTORANTE HOTEL FONTANA,Strada de Valongia,36,San Giovanni di Fassa-Sèn Jan,38039,Vigo di Fassa,,"['BAR', 'RISTORANTE', 'HOTEL']"
465,DA FLORA,Strada Rezia,22,San Giovanni di Fassa-Sèn Jan,38039,Vigo di Fassa,,[]
466,LA BOTEIGA,Via Roma,48,San Giovanni di Fassa-Sèn Jan,38039,Vigo di Fassa,,[]
467,BAR ALBERGO BELVEDERE,Strada Murada,3,San Giovanni di Fassa-Sèn Jan,38039,Vigo di Fassa,,"['BAR', 'ALBERGO']"
468,BAR RISTORANTE HOTEL RENATO,Strada de Solar,27,San Giovanni di Fassa-Sèn Jan,38039,Vigo di Fassa,,"['BAR', 'RISTORANTE', 'HOTEL']"
469,PANIFICIO EL PECH,Strada Rezia,26,San Giovanni di Fassa-Sèn Jan,38039,Vigo di Fassa,,['PANIFICIO']
470,FAMIGLIA COOPERATIVA VIGO DI FASSA,Strada Rezia,30,San Giovanni di Fassa-Sèn Jan,38039,Vigo di Fassa,,[]
471,ELECTRO POLLAM,Strada Roma,25,San Giovanni di Fassa-Sèn Jan,38039,Vigo di Fassa,,[]
472,BAR RISTORANTE HOTEL VAEL,Strada Rezia,29,San Giovanni di Fassa-Sèn Jan,38039,Vigo di Fassa,,"['BAR', 'RISTORANTE', 'HOTEL']"
473,RISTORANTE HOTEL SAVOY,Jouf de Ciareja,2,San Giovanni di Fassa-Sèn Jan,38039,Vigo di Fassa,,"['RISTORANTE', 'HOTEL']"
474,SPORT LUCY,,3,San Giovanni di Fassa-Sèn Jan,38039,Vigo di Fassa / Passo Costalunga,,['SPORT']
475,LORENZ EMILIO BIBITE,Strada de Pilat,9,San Giovanni di Fassa-Sèn Jan,38039,Vigo di Fassa,,[]
476,RISTORANTE BAR ALPEN HOTEL CORONA,Strada Murada,3,San Giovanni di Fassa-Sèn Jan,38039,Vigo di Fassa,,"['BAR', 'RISTORANTE', 'HOTEL']"
477,BAR RISTORANTE ALBERGO ALPINO AL CAVALLETTO,Via Costa,103,Canazei,38032,,,"['BAR', 'RISTORANTE', 'ALBERGO']"
478,RISTORANTE HOTEL ALBA,Via Costa,99,Canazei,38032,Alba di Canazei,,"['RISTORANTE', 'HOTEL']"
479,BAR RISTORANTE HOTEL BERNARD,Via Roma,25,Canazei,38032,,,"['BAR', 'RISTORANTE', 'HOTEL']"
480,BAR RISTORANTE HOTEL ALLA ROSA,Strada del Faure,18,Canazei,38032,,,"['BAR', 'RISTORANTE', 'HOTEL']"
481,PANIFICIO BONINSEGNA,Via Costa,25,Canazei,38032,,,['PANIFICIO']
482,RIFUGIO ESCURSIONISTICO VALENTINI,Streda de Sella,23,Canazei,38032,,,[]
483,BAR RISTORANTE RIFUGIO VILLETTA MARIA,Strada Pian Trevisan,44,Canazei,38032,,,"['BAR', 'RISTORANTE']"
484,VALERUZ SPORT,Via Roma,18,Canazei,38032,,,['SPORT']
485,CALZATURE ROSSI,Via Dolomiti,81,Canazei,38032,,,['CALZATURE']
486,BAR RISTORANTE HOTEL COL DI LANA,Strada del Pordoi,132,Canazei,38032,,,"['BAR', 'RISTORANTE', 'HOTEL']"
487,BAR RISTORANTE ALBERGO MIRAMONTI,Streda de Costa,213,Canazei,38032,,,"['BAR', 'RISTORANTE', 'ALBERGO']"
488,RISTORANTE HOTEL PORDOI,Strada del Pordoi,76,Canazei,38032,,,"['RISTORANTE', 'HOTEL']"
489,RISTORANTE HOTEL DOLOMITI,Via Dolomites,80,Canazei,38032,,,"['RISTORANTE', 'HOTEL']"
490,BAR GARNÌ INTERNATIONAL,Streda Dolomites,193,Canazei,38032,,,['BAR']
491,PROFUMERIA COSTA,Piazza G. Marconi,21,Canazei,38032,,,[]
492,BAR GARNÌ STELLA ALPINA,Streda do Ruf de Antermont,6,Canazei,38032,,,['BAR']
493,BAR RISTORANTE HOTEL CROCE BIANCA,Via Streda Roma,3,Canazei,38032,,,"['BAR', 'RISTORANTE', 'HOTEL']"
494,BAR RISTORANTE HOTEL VILLA ROSA,Streda Dolomites,87,Campitello di Fassa,38032,,,"['BAR', 'RISTORANTE', 'HOTEL']"
495,RISTORANTE SPORT HOTEL ENROSADIRA,Streda de Morandin,43,Campitello di Fassa,38032,,,"['RISTORANTE', 'HOTEL', 'SPORT']"
496,BAR RISTORANTE HOTEL RODODENDRO,Streda Dolomites,45,Campitello di Fassa,38032,,,"['BAR', 'RISTORANTE', 'HOTEL']"
497,BAR AGNELLO,Piazza Centrale,,Campitello di Fassa,38032,,,['BAR']
498,FAMIGLIA COOPERATIVA CAMPITELLO DI FASSA,Streda Dolomites,87,Campitello di Fassa,38032,,,[]
499,BAR RISTORANTE HOTEL MIRAMONTI,Via Mazzini Loc. Crosano,97,Brentonico,38060,,,"['BAR', 'RISTORANTE', 'HOTEL']"
500,BAR RISTORANTE ALBERGO NENI,Via Garibaldi,2,Brentonico,38060,,,"['BAR', 'RISTORANTE', 'ALBERGO']"
501,BAR RISTORANTE ALBERGO ZENI,Via Roma,16,Brentonico,38060,,,"['BAR', 'RISTORANTE', 'ALBERGO']"
502,RISTORANTE HOTEL S. GIACOMO,Via Borani Salvotti,2,Brentonico,38060,San Giacomo,,"['RISTORANTE', 'HOTEL']"
503,PANIFICIO TOGNI,Via Roma,14,Brentonico,38060,,,['PANIFICIO']
504,PIZZERIA LA PINETA,,1,Brentonico,38060,Santa Caterina,,['PIZZERIA']
505,SAV FORMAGGI,Piazza Generale Dalla Chiesa,25,Brentonico,38060,,,[]
506,TABACCHERIA RIGO,Via Roma,22,Brentonico,38060,,,[]
507,PASSERINI CALZATURE,Via Fabio Filzi,19/a,Brentonico,38060,,,['CALZATURE']
508,ALIMENTARI ANDREOLLI,Via Roma,5,Brentonico,38060,,,['ALIMENTARI']
509,ALIMENTARI CANALI,Via Clemente,1,Brentonico,38060,Castione,,['ALIMENTARI']
510,BAR COMMERCIO,Via Roma,49,Brentonico,38060,,,['BAR']
511,FAMIGLIA COOPERATIVA BRENTONICO,Via Roberti,3,Brentonico,38060,,,[]
512,FAMIGLIA COOPERATIVA CROSANO,Via Mazzini,1,Brentonico,38060,Crosano,,[]
513,FAMIGLIA COOPERATIVA CORNÈ,Via 3 Novembre,47,Brentonico,38060,Cornè,,[]
514,BAR IL BUNKER,Via Prof. Vanzetta,,Ziano di Fiemme,38030,,,['BAR']
515,RISTORANTE HOTEL AL PONTE,Via Alpini,28,Villa Lagarina,38060,,,"['RISTORANTE', 'HOTEL']"
516,BAR RISTORANTE ALBERGO LAGO DI CEI,,1,Villa Lagarina,38060,Lago di Cei,,"['BAR', 'RISTORANTE', 'ALBERGO']"
517,BAR ROMA,Via XXV Aprile,10,Villa Lagarina,38060,,,['BAR']
518,FARMACIA DE PROBIZER,Via XXV Aprile,28,Villa Lagarina,38060,,,['FARMACIA']
519,FAMIGLIA COOPERATIVA DI CASTELLANO,Via del Torchio,64,Villa Lagarina,38060,,,[]
520,FAMIGLIA COOPERATIVA DI PEDERSANO,Via Sant’Antonio,,Villa Lagarina,38060,,,[]
521,FAMIGLIA COOPERATIVA VILLA LAGARINA,Via XXV Aprile,50,Villa Lagarina,38060,,,[]
522,TESINO MARKET,Via Brigata Abruzzi,4,Pieve Tesino,38050,,,[]
523,BAR CENTRALE,Piazza Garibaldi,4,Pieve Tesino,38050,,,['BAR']
524,PUNTO ROSSO ALIMENTARI,Piazza Garibaldi,2,Pieve Tesino,38050,,,['ALIMENTARI']
525,BAR RISTORANTE ALBERGO ALPINO,,,Avio,38063,Madonna della Neve / Valdomenegal,,"['BAR', 'RISTORANTE', 'ALBERGO']"
526,BAR NUOVO,Viale Alcide De Gasperi,13,Avio,38063,,,['BAR']
527,CASEIFICIO SOCIALE SABBIONARA,Via Vignola,25,Avio,38063,,,[]
528,RIVENDITA FUMANELLI GEDEONE,Piazza Conciliazione,17,Avio,38063,,,[]
529,PANIFICIO SEGA DIEGO,Via Regina Elena,18,Avio,38063,,,['PANIFICIO']
530,FAMIGLIA COOPERATIVA AVIO,Piazza Roma,5,Avio,38063,,,[]
531,BAR SPORT,Via Venezia,75,Avio,38063,,,"['BAR', 'SPORT']"
532,BAR TRATTORIA ALLA STAZIONE,Via General Cantore,41,Avio,38063,,,['BAR']
533,CADEN CARLO ABBIGLIAMENTO,Via Regina Elena,12,Avio,38063,,,[]
534,CADEN TENDAGGI,Via Teatro,5,Avio,38063,,,[]
535,CONFEZIONI DA IDA,Via S. Antonio,28,Avio,38063,,,[]
536,BAR RISTORANTE ALBERGO MONTE BALDO,,,Avio,38063,Borghetto,,"['BAR', 'RISTORANTE', 'ALBERGO']"
537,RIFUGIO ESCURSIONISTICO MONTE BALDO,,,Avio,38063,Madonna della Neve / Valdomenegal,,[]
538,FARMACIA COOPERATIVA,Piazza Roma,4,Avio,38063,,,['FARMACIA']
539,FALEGNAMERIA MABBONI,Viale Alcide De Gasperi,82,Avio,38063,,,[]
540,DELIZIE WELPONER,Via F.lli Bronzetti,27,Cavalese,38033,,,[]
541,FARMACIA BONI,Viale Dante,42,Tione di Trento,38079,,,['FARMACIA']
542,PANIFICIO MODERNO,Via Al Ponte,10,Isera,38060,,,['PANIFICIO']
543,FAMIGLIA COOPERATIVA DI ISERA,Piazza San Vincenzo,10,Isera,38060,,,[]
544,RISTORANTE BAR HOTEL TRESSANE,Via Roma,30,Primiero San Martino di Castrozza,38054,Tonadico,,"['BAR', 'RISTORANTE', 'HOTEL']"
545,RISTORANTE PARK HOTEL IRIS,Via Roma,26,Primiero San Martino di Castrozza,38054,Tonadico,,"['RISTORANTE', 'HOTEL']"
546,RISTORANTE HOTEL PRIMIERO,Via Roma,8,Primiero San Martino di Castrozza,38054,Tonadico,,"['RISTORANTE', 'HOTEL']"
547,IL NEGOZIO DEL PANE,Via Roma,2,Primiero San Martino di Castrozza,38054,Tonadico,,[]
548,PANIFICIO CENTRALE DI PRIMIERO,Via Roma,2,Primiero San Martino di Castrozza,38054,Tonadico,,['PANIFICIO']
549,BAR ALBERGO TRE PONTI,Via Sorelle Lucian,5,Primiero San Martino di Castrozza,38054,Tonadico,,"['BAR', 'ALBERGO']"
550,RISTORANTE BAR LANTERNA VERDE,Via Roma,8,Primiero San Martino di Castrozza,38054,Tonadico,,"['BAR', 'RISTORANTE']"
551,EDICOLA BAZAR TABACCHI,Via Scopoli,43,Primiero San Martino di Castrozza,38054,Tonadico,,"['TABACCHI', 'BAZAR']"
552,BAR CENTRALE,Via Scopoli,37,Primiero San Martino di Castrozza,38054,Tonadico,,['BAR']
553,NON SOLO PANE,Via Card. Bernardin,2,Primiero San Martino di Castrozza,38054,Tonadico,,[]
554,FAMIGLIA COOPERATIVA DI TONADICO,Via Scopoli,40,Primiero San Martino di Castrozza,38054,Tonadico,,[]
555,OREFICERIA OROLOGERIA MULLER,Piazza San Giorgio,3,Castello Tesino,38053,,,[]
556,FARMACIA RIGONI,Via Dante,12/A,Castello Tesino,38053,,,['FARMACIA']
557,BAR PIZZERIA CROSARA,Piazza San Giorgio,8,Castello Tesino,38053,,,"['BAR', 'PIZZERIA']"
558,BAR ROMA,Piazza San Giorgio,5,Castello Tesino,38053,,,['BAR']
559,FAMIGLIA COOPERATIVA DI CASTELLO TESINO,Via Donato Pelloso,13/A,Castello Tesino,38053,,,[]
560,BAR ORATORIO,Via Venezia,18,Castello Tesino,38053,,,['BAR']
561,RISTORANTE BAR ALBERGO PASSO BROCON “DA S’CIOPO”,,2,Castello Tesino,38053,Passo Brocon,,"['BAR', 'RISTORANTE', 'ALBERGO']"
562,FIORI E VERDURA,Piazza Trento,1,Castello Tesino,38053,,,[]
563,EMPORIO DIEGO ZOTTA,Piazza Trento,3,Castello Tesino,38053,,,[]
564,BAR AL PONTE,,2,Castello Tesino,38053,Molini,,['BAR']
565,MACELLERIA BOSO,Via Baili,4,Castello Tesino,38053,,,['MACELLERIA']
566,BAR RISTORANTE ALBERGO BELLAVISTA,Via Roma,17,Castello Tesino,38053,,,"['BAR', 'RISTORANTE', 'ALBERGO']"
567,ABBIGLIAMENTO BAILO,Piazza Marconi,1,Castello Tesino,38053,,,[]
568,ALIMENTARI DA CELESTINO,Piazza Marconi,5,Castello Tesino,38053,,,['ALIMENTARI']
569,ALIMENTARI MORANDUZZO,Via Terrasanta,7,Castello Tesino,38053,,,['ALIMENTARI']
570,CAFFÈ MARCONI,Piazza Marconi,4,Castello Tesino,38053,,,[]
571,TABACCHI ZAMPIERO,Piazza Marconi,3,Castello Tesino,38053,,,['TABACCHI']
572,CHALET FERRARI,Piazza Righi,28,Pinzolo,38086,Madonna di Campiglio,,[]
573,CHALET FERRARI REGALO,Piazza Righi,30,Pinzolo,38086,Madonna di Campiglio,,[]
574,ZANELLA ARREDAMENTI,Via Rosmini,78,Trento,38122,,,[]
575,ALIMENTARI RICCIO STEFANIA,Via Dante,7/B,Levico Terme,38065,,,['ALIMENTARI']
576,ETA BETA DI GRISENTI GIORGIA,Corso Centrale,38,Levico Terme,38065,,,[]
577,FERRAMENTA CASALINGHI ROSA,Via Dante,16,Levico Terme,38065,,,['FERRAMENTA']
578,FAMIGLIA COOPERATIVA LAGORAI,Via Marchi,2,Ronchi Valsugana,38050,,,[]
579,SIMONETTO CARNI,Viale Venezia,20,Castelnuovo,38050,,,[]
580,BAR RISTORANTE HOTEL COSTABELLA,,37,Moena,38035,Sén Pelegrin,,"['BAR', 'RISTORANTE', 'HOTEL']"
581,MACELLERIA FELICETTI,Strada E. Zanoner Canori,,Moena,38035,,,['MACELLERIA']
582,ELETTRODOMESTICI DE PELLEGRINI,Strenta de Ischiacia,14,Moena,38035,,,[]
583,SEGHERIA ZANONER,Strada de la Comunità de Fiem,11,Moena,38035,,,[]
584,MACELLERIA FASANELLI,Via 3 Novembre,3,Pomarolo,38060,,,['MACELLERIA']
585,MINATI ROBERTA,Via Vittorio Emanuele,27,Grigno,38055,,esercizio commerciale,[]
586,BAR RISTORANTE ALBERGO SILVANA,Via Nuova,6,Ledro,38067,,,"['BAR', 'RISTORANTE', 'ALBERGO']"
587,EDICOLA TABACCHI SANNICOLÒ GABRIELE,Piazza Sanzio,9,Trento,38122,,,['TABACCHI']
588,FARMACIA CENTRALE,Corso Ausugum,40,Borgo Valsugana,38051,,,['FARMACIA']
589,SIMONETTO CARNI,Via Padri Morizzo,20,Borgo Valsugana,38051,,,[]
590,FAMIGLIA COOPERATIVA DI CAVALESE,Piazza Battisti,12,Cavalese,38033,,,[]
591,DAMIATA MOTO,Corso Bettini,54,Rovereto,38068,,,[]
592,NEON TRENTO SCOTUZZI,Via Ragazzi del '99,39,Trento,38123,,attività artigianale,[]
593,CASA DEL CAFFÈ,Via Maffei,13,Riva del Garda,38066,,,[]
594,RISTORANTE PIZZERIA LILLÀ,Piazza di Sant'A. Abate,5,Vallelaghi,38070,Vezzano,,"['RISTORANTE', 'PIZZERIA']"
595,BAR HOTEL SEGGIOVIA,,32,Folgaria,38064,Francolini,,"['BAR', 'HOTEL']"
596,PANIFICIO CANALIA,Via Schirni,13,Folgaria,38064,,,['PANIFICIO']
597,FOLGARIA FASHION SPORT,Via E. Colpi,191,Folgaria,38064,,,['SPORT']
598,BAR RISTORANTE HOTEL BIANCANEVE,Via A. Maffei,134,Folgaria,38064,,,"['BAR', 'RISTORANTE', 'HOTEL']"
600,BAR RISTORANTE HOTEL ERICA,Via Nazionale,69,Folgaria,38064,,,"['BAR', 'RISTORANTE', 'HOTEL']"
601,BAR RISTORANTE ANTICO ALBERGO STELLA D'ITALIA,Via E. Colpi,48,Folgaria,38064,,,"['BAR', 'RISTORANTE', 'ALBERGO']"
602,BAR RISTORANTE ALBERGO TRENTINO,Via Manzoni,63,Folgaria,38064,,,"['BAR', 'RISTORANTE', 'ALBERGO']"
603,CALZATURE FAIT,Via E. Colpi,10,Folgaria,38064,,,['CALZATURE']
604,FARMACIA GIRARDI,Via E. Colpi,179,Folgaria,38064,,,['FARMACIA']
605,BAR RISTORANTE PARK HOTEL MIRAMONTI,Via Dante Alighieri,12,Folgaria,38064,,,"['BAR', 'RISTORANTE', 'HOTEL']"
606,BAR RISTORANTE ALBERGO DUE SPADE,Via Lega Nazionale,41,Folgaria,38064,,,"['BAR', 'RISTORANTE', 'ALBERGO']"
607,MERCERIA RELLA,Piazza S. Lorenzo,11,Folgaria,38064,,,[]
609,SALUMERIA BELLI,Piazza Oveno,1,Trento,38123,Sopramonte,,[]
610,BONANI GIULIANA,,58,Comano Terme,38077,Ponte Arche,esercizio commerciale,[]
611,BAR FIORENTINA,Via Calepina,4,Trento,38122,,,['BAR']
612,AMBROSI SILVIO LUIGI,Via Nazionale,35,Pellizzano,38020,,esercizio commerciale,[]
613,MACELLERIA MALENCH,Piazza San Vittore,19,Predaia,38012,Taio,,['MACELLERIA']
614,BAR DEI CAVAI,Via S. Martino,90,Trento,38122,,,['BAR']
615,BRESCIANI SOUVENIR,Piazza C. Battisti,14,Riva del Garda,38066,,,[]
616,PROFUMERIE BRESCIANI,Via Mazzini,13,Riva del Garda,38066,,,[]
617,BAR DELL'HOTEL RANCOLIN,Strada de Moene,31,Moena,38035,,,"['BAR', 'HOTEL']"
618,MOBILIFICIO ARTIGIANI ASSOCIATI,Strada de la Comunità de Fiem,34,Moena,38035,,,[]
619,BAR GABRY,Piaz de Ramon,27,Moena,38035,,,['BAR']
620,BAR RAMON,Piaz de Ramon ,41,Moena,38035,,,['BAR']
621,ENOTECA DEL PINTER,Strenta de Ischiacia,1,Moena,38035,,,[]
622,GIOIELLERIA CROCE,Piaz de Ramon,41,Moena,38035,,,[]
623,BAR DELL'HOTEL ALLE ALPI,Strada de Moene ,67,Moena,38035,,,"['BAR', 'HOTEL']"
624,LA BORA,Piaz de Ramon,45,Moena,38035,,,[]
625,NONSOLOMODA,Strada de Fachin,3,Moena,38035,,,[]
626,PELLETTERIA GRAZIA S.A.S.,Via Fiume,29,Riva del Garda,38066,,,[]
627,MACELLERIA ZANOTELLI,Viale IV Novembre 35,,Cembra Lisignago,38034,Cembra,,['MACELLERIA']
628,PANIFICIO GAIGHER,Via Damiano Chiesa  6,,Cembra Lisignago,38034,Cembra,,['PANIFICIO']
629,FERRAMENTA PIU',Viale IV Novembre 35,82,Cembra Lisignago,38034,Cembra,,['FERRAMENTA']
630,IDEA CASA,Viale IV Novembre 35,78,Cembra Lisignago,38034,Cembra,,[]
631,MACELLERIA PAOLAZZI,Piazza San Rocco,2,Cembra Lisignago,38034,Cembra,,['MACELLERIA']
632,BAR VICO,Piazza Marconi,6,Cembra Lisignago,38034,Cembra,,['BAR']
633,BAR ROSALPINA,Viale IV Novembre 17,,Cembra Lisignago,38034,Cembra,,['BAR']
634,ALBERGO RISTORANTE BAR DUE SPADE,Piazza Municipio ,2,Caldonazzo,38052,,,"['BAR', 'RISTORANTE', 'ALBERGO']"
635,ALBERGO RISTORANTE BAR ALLA TORRE,Via delle Villa,37,Caldonazzo,38052,,,"['BAR', 'RISTORANTE', 'ALBERGO']"
636,CASALINGHI FERRAMENTA MURARA,Piazza Municipio,14,Caldonazzo,38052,,,['FERRAMENTA']
637,MOBILI CIOLA,Via Brenta,9,Caldonazzo,38052,,,[]
638,BAR RISTORNATE ROSSI,Via G. Marconi,1,Luserna,38040,,,['BAR']
639,MACELLERIA BONELLI,Via Asilo,26,Primiero San Martino di Castrozza,38054,Siror,,['MACELLERIA']
640,PANIFICIO PASTICCERIA ZANETEL ARRIGO,Via Larga,11,Primiero San Martino di Castrozza,38054,Siror,,['PANIFICIO']
641,BAR HOTEL SIROR,Via Larga ,13,Primiero San Martino di Castrozza,38054,Siror,,"['BAR', 'HOTEL']"
642,CAFFE' CENTRALE DI GIAN LUIGI SECCO E C.,Via Passo Rolle,76,Primiero San Martino di Castrozza,38054,San Martino di Castrozza,,[]
643,RISTORANTE ALBERGO CENTRALE,Via Passo Rolle,74,Primiero San Martino di Castrozza,38054,San Martino di Castrozza,,"['RISTORANTE', 'ALBERGO']"
644,BAZAR DELL'ALPE,Via Passo Rolle,185,Primiero San Martino di Castrozza,38054,San Martino di Castrozza,,['BAZAR']
645,BANCHER S.A.S. DI TISOT ADELIA E C.,Via Laghetto,4,Primiero San Martino di Castrozza,38054,San Martino di Castrozza,,[]
646,ALBERGO BAR RISTORANTE ROSALPINA DI CANALIA GABRIELE,Via Strada Nuova ,8,Folgaria,38064,,,"['BAR', 'RISTORANTE', 'ALBERGO']"
647,ALBERGO BAR RISTORANTE SAYONARA DI RECH WILLIAM,Via A. Maffei,52,Folgaria,38064,Costa,,"['BAR', 'RISTORANTE', 'ALBERGO']"
648,NIC S.A.S. DI NICOLODI MARTINO,Via Cesare Battisti,33/1,Cembra Lisignago,38034,Cembra,,[]
649,FAMIGLIA COOPERATIVA DI CEMBRA,Piazza Marconi,3,Cembra Lisignago,38034,Cembra,,[]
650,TABACCHINO DI FADANELLI MAURA,Piazza Marconi,8,Cembra Lisignago,38034,Cembra,,['TABACCHI']
651,BAR PIZZERIA SAINT ROCK,Viale IV Novembre,51,Cembra Lisignago,38034,Cembra,,"['BAR', 'PIZZERIA']"
652,BAZAR COVI,Piazza San Giovanni,16,Fondo,38013,,,['BAZAR']
653,CALZATURE SCHNEIDER,Via IV Novembre,1,Fondo,38013,,,['CALZATURE']
654,EUROPAFERR FERRAMENTA DI ZINI MAURO GIOVANNI,Via Battisti,25,Fondo,38013,,,['FERRAMENTA']
655,BATTISTI CALZATURE DI BATTISTI ALBERTO,Via Battisti,10,Fondo,38013,,,['CALZATURE']
656,ZANONI PREZIOSI ,Via Inama,2,Fondo,38013,,,[]
657,PIZZERIA-RISTORANTE AL FOLON,Via Lago Smeraldo,18,Fondo,38013,,,"['RISTORANTE', 'PIZZERIA']"
658,BAR RISTORANTE TRENTO,Via Milano ,10,Bieno,38050,,,"['BAR', 'RISTORANTE']"
659,BIRRERIA VALSERENA,Via Valserena ,36,Primiero San Martino di Castrozza,38054,Siror,,[]
660,BAR CAFFE' ERO,Via S. Andrea,5,Primiero San Martino di Castrozza,38054,Siror,,['BAR']
661,BAR MARGHERITA,Via Passo Rolle,183,Primiero San Martino di Castrozza,38054,San Martino di Castrozza,,['BAR']
662,ESTETICA PROFUMERIA TISOT,Via Passo Rolle,133,Primiero San Martino di Castrozza,38054,San Martino di Castrozza,,[]
663,CALZATURE BANCHER SEVERINO,Via Rivetta,23,Primiero San Martino di Castrozza,38054,Siror,,['CALZATURE']
664,RISTORANTE ALBERGO FRATAZZA,Via Passo Rolle,2,Primiero San Martino di Castrozza,38054,San Martino di Castrozza,,"['RISTORANTE', 'ALBERGO']"
665,FAMIGLIA COOPERATIVA DI SIROR,Via S. Andrea,4,Primiero San Martino di Castrozza,38054,San Martino di Castrozza,,[]
666,BAR ALLA TORRE,Via Avisio,6,Castello-Molina di Fiemme,38030,,,['BAR']
667,RISTORANTE ALBERGO LATEMAR S.N.C. DI BETTA MARISA E &.,Via Latemar,16,Castello-Molina di Fiemme,38030,,,"['RISTORANTE', 'ALBERGO']"
668,CAVADA DOLORES DI CAVADA UGO & C. S.N.C.,Via Bolzano,22,Castello-Molina di Fiemme,38030,Molina di Fiemme,,[]
669,BAR RISTORANTE PIZZERIA AL LAGO,,19,Castello-Molina di Fiemme,38030,Stramentizzo Nuovo,,"['BAR', 'RISTORANTE', 'PIZZERIA']"
670,BAR RISTORANTE ALBERGO PINETA,Via Cadino,2,Castello-Molina di Fiemme,38030,Molina di Fiemme,,"['BAR', 'RISTORANTE', 'ALBERGO']"
671,RISTORANTE ALBERGO ANCORA DI ZANCANELLA PAOLO E LUCIA S.N.C.,Via Marconi,4,Castello-Molina di Fiemme,38030,Molina di Fiemme,,"['RISTORANTE', 'ALBERGO']"
672,PANIFICIO TARTER DI MARCO TARTER & C. S.N.C.,Via Marconi,17,Castello-Molina di Fiemme,38030,Molina di Fiemme,,['PANIFICIO']
673,FAMIGLIA COOPERATIVA DI CAVALESE - MOLINA DI FIEMME - PREDAIA,Via Marconi,23,Castello-Molina di Fiemme,38030,Molina di Fiemme,,[]
674,FAMIGLIA COOPERATIVA DI CAVALESE - CASTELLO DI FIEMME,Via Roma,11,Castello-Molina di Fiemme,38030,,,[]
675,CARTOLERIA GIOCATTOLI BERTOLDI,Piazza San Giovanni,37,Fondo,38013,,,[]
676,LA BOTTEGA DI ZAMBIASI,Piazza San giovanni,15,Fondo,38013,,,[]
677,LATTERIA SOCIALE DI FONDO,Via IV Novembre,70,Fondo,38013,,,[]
678,FAMIGLIA COOPERATIVA VAL DI NON,Via Battisti,20,Fondo,38013,,,[]
679,CAFFE' VECCHIA TIONE,Via del Foro,16,Tione di Trento,38079,,,[]
680,FAMIGLIA COOPERATIVA VAL DI NON S.C.A.R.L. - CASEZ,Via Roma,9,Sanzeno,38010,Casez,,[]
681,FAMIGLIA COOPERATIVA VAL DI NON S.C.A.R.L. - SANZENO,Via Nazionale,28,Sanzeno,38010,,,[]
682,FAMIGLIA COOPERATIVA VAL DI NON S.C.A.R.L. - BANCO,Via Mazzini,2,Sanzeno,38010,Banco,,[]
683,BAR ALLA FONTANA DI BALDO ONESTINGHEL OLGA & C.,Piazza Centrale,38/A,Sanzeno,38010,,,['BAR']
684,BAR MARINELLI,Via Mazzini,3,Sanzeno,38010,Banco,,['BAR']
685,BAR DALPIAZ,,48,Sanzeno,38010,Banco,,['BAR']
686,HOTEL CASEZ,Via Roma,48,Sanzeno,38010,Casez,,['HOTEL']
687,RISTORANTE AL MULINO,Via S. Romedio ,18,Sanzeno,38010,,,['RISTORANTE']
688,PANIFICIO ZORZI DI ZORZI EZIO & C. S.N.C.,Via Roma,34,Castello-Molina di Fiemme,38030,,,['PANIFICIO']
689,BAR SPORT,Via Italia,10,Castello-Molina di Fiemme,38030,Molina di Fiemme,,"['BAR', 'SPORT']"
690,QUEN CONFEZIONI,Piazza Dante,5,Fondo,38013,,,[]
691,RESTEL DE FER,Via Restel de Fer,10,Riva del Garda,38066,,,[]
692,DELVAI MARKET S.N.C. DI DELVAI NICOLETTA E CARESIA DIEGO,Via Giovanelli A.,43,Carano,38033,,,[]
693,TUTTO LUCE SAS,Via Calepina,40,Trento,38122,,,[]
694,BAR TRE PORTONI,Via S. Croce,48,Trento,38122,,,['BAR']
695,BAR ROMA,Via Roma,22,Ospedaletto,38050,,,['BAR']
696,FIORERIA STELLA,Corso Tre Novembre,44,Trento,38122,,,[]
697,CONTINI,Via Fiume,55,Riva del Garda,38066,,esercizio commerciale,[]
698,A. CRIVELLARI – COSE DI CASA,Via Battisti,8,Pergine Valsugana,38057,,,[]
699,FRISANCO,Piazza Spiaz de le Oche,33,Pergine Valsugana,38057,,esercizio commerciale,[]
700,ALIMENTARI CAOLA,Via Maturi,1,Pinzolo,38086,,,['ALIMENTARI']
701,LA BOTTEGA DEL MOLETA,Via Lampi ,9,Cles,38023,,esercizio commerciale/attività artigianale,[]
702,ALBERGO RISTORANTE CLES – OSTERIA PALAZAN,Piazza Navarrino,7,Cles,38023,, ,"['RISTORANTE', 'ALBERGO']"
703,CAFF'E EUROPA,Piazza Granda,5,Cles,38023,,,[]
704,FARMACIA DE MAFFEI ,Via Pilati,13,Cles,38023,,,['FARMACIA']
705,CAFFÈ BERTOLASI,Piazza Granda,43,Cles,38023,,,[]
706,VISINTAINER CARTOLIBRERIA,Piazza Granda,3,Cles,38023,,,[]
707,ROSANI ALIMENTARI,Piazza Pez,1,Cles,38023,,,['ALIMENTARI']
708,SEGHERIA LONGO,Via Marconi,38-44,Cles,38023,,,[]
709,ALIMENTARI PAOLI S.N.C.,Via Diaz,6/A,Cles,38023,,,['ALIMENTARI']
710,MACELLERIA AGOSTINI LUIGI,Via Lampi ,26,Cles,38023,,,['MACELLERIA']
711,MENAPACE IVO,Via Pilati,9,Cles,38023,,esercizio commerciale,[]
712,VALENTINOTTI FRANCESCO,Piazza Granda,40,Cles,38023,,esercizio commerciale,[]
713,ANGELI FLAVIO,Piazza Municipio ,6,Cles,38023,,esercizio commerciale,[]
714,OREFICERIA A. CORRADINI,Piazza Granda,23,Cles,38023,,,[]
715,ANGELI NICOLA,Piazza Municipio,4,Cles,38023,,esercizio commerciale,[]
716,PREZIOSI STELLA,Piazza Municipio ,7,Cles,38023,,,[]
717,PESCHERIA GOIO,Via Lampi ,2,Cles,38023,,,[]
718,COLORIFICIO PIZ,Piazza Granda,30,Cles,38023,,,[]
719,ABRAM VITTORIO E C. SNC,Via Battisti,51,Sarnonico,38011,,esercizio commerciale,[]
720,BAZAR GIORNALI DI CATTARINI VINCENZO,Via IV Novembre,2,Sarnonico,38011,,,['BAZAR']
721,CALZATURE DALLAPÈ,Via Trento,14,Cavedine,38073,Stravino,,['CALZATURE']
722,BAITA SANTA LUCIA,Via Santa Lucia,36,Ledro,38067,Bezzecca,esercizio di somministrazione di alimenti e bevande,[]
723,ANTICA CROCE,Via dei Laghi,1,Tenno,38060,,esercizio di somministrazione di alimenti e bevande,[]
724,MOBILI ZENI LINO S.R.L.,Via Postal,29,S. Michele all’Adige,38010,Grumo,esercizio commerciale,[]
725,HOTEL CANTALEONE,Via Tonale,23,S. Michele all’Adige,38010,Grumo,,['HOTEL']
726,BAR AL TURISTA,Via Brennero,32,S. Michele all’Adige,38010,,,['BAR']
727,BAR DIGA,,17,Canazei,38032,Penia / Fedaia,,['BAR']
728,ALBERGO MONTILESSINI,,,Ala,38061,Sega,pubblico esercizio – somministrazione di alimenti e bevande – pizzeria,"['ALBERGO', 'PIZZERIA']"
729,BAR EUGENIA,Piazza G. Cantore,1,Ala,38061,,,['BAR']
730,BAR TABACCHI DI BONGIOVANNI MAURO,Piazzetta Cantore,5,Ala,38061,,,"['BAR', 'TABACCHI']"
731,MACELLERIA DEBIASI SERGIO,Via 27 Maggio,,Ala,38061,,,['MACELLERIA']
732,VECCHIO CARNERA,Piazza Buonacquisto,4,Ala,38061,,pubblico esercizio – somministrazione di alimenti e bevande – bar/trattoria,['BAR']
733,OREFICERIA CATTONI DI CATTONI CLAUDIO,Via Cesare Battisti,19,Comano Terme,38077,,,[]
734,CATTONI ELETTRONICA DI CATTONO ROBERTO,Via Cesare Battisti,17,Comano Terme,38077,,,[]
735,HOTEL MIRAMONTI,,55,Rabbi,38020,San Bernardo,ristorante – bar,"['BAR', 'RISTORANTE', 'HOTEL']"
736,LE LUZIE,Piazza SS. Filippo e Giacomo,4,Predazzo,38037,,esercizio commerciale,[]
737,MARCHETTI,Piazza Catena,21,Riva del Garda,38066,,esercizio commerciale,[]
738,INDAL,Via 24 Maggio,9,Trento,38122,Trento,esercizio commerciale,[]
739,ZANLUCCHI SOFIA & C. S.A.S.,Via dei Bagni di Fieno,17,Garniga Terme,38060,,esercizio commerciale,[]
740,RISTORANTE BAR JA VITO DI VENDER KATIA E C. S.N.C.,Stradon de Fascia ,2,Soraga di Fassa,38030,,ristorante - bar,"['BAR', 'RISTORANTE']"
741,SALONE FUORI DI TESTA DI POZZA NADIA,Via Cesare Battisti,6/A,Tesero,38038,,parrucchiera (impresa artigiana con vendita di prodotti),[]
742,FILIPPI E GARDUMI S.N.C. DI GARDUMI RENZO & C.,Via Bolghera,34,Trento,38122,,"esercizio commerciale/attività artigianale (pasticceria, gelateria)",[]
743,ALBERGO LOCANDA FIORE DI SALIZZONI SILVIO E RITA S.N.C.,Via Mazzini,22,Comano Terme,38077,Poia,pubblico esercizio – somministrazione di alimenti e bevande – locanda,['ALBERGO']
