Cap,Comune,Frazione/Località,Insegna,Indirizzo,Civico,Numero,Note,Categorie
38068,Sover,Piscine di Sover,BAZZANELLA RENATA,Via del Lagorai,30,1,"generi misti, bar - ristorante","['BAR', 'RISTORANTE']"
38051,Borgo Valsugana,,CONFEZIONI MONTIBELLER S.R.L.,Corso Ausugum,48,2,esercizio commerciale,[]
38051,Borgo Valsugana,,FOTOGRAFICA TRINTINAGLIA UMBERTO S.N.C.,Largo Dordi,8,3,"esercizio commerciale, attività artigianale",[]
38055,Grigno,Serafini,BAR SERAFINI DI MINATI RENZO,,24,4,esercizio commerciale,['BAR']
38066,Riva del Garda,,SEMBENINI GINO & FIGLI S.R.L.,Via S. Francesco,35,6,,[]
38015,Lavis,Nave San Felice,HOTEL RISTORANTE PIZZERIA “ALLA NAVE”,Via Nazionale,29,7,,"['RISTORANTE', 'HOTEL', 'PIZZERIA']"
38015,Lavis,,OBRELLI GIOIELLERIA DAL 1929 S.R.L.,Via Roma,33,8,,[]
38015,Lavis,,MACELLERIE TROIER S.A.S. DI TROIER DARIO E C.,Via Roma,13,9,,[]
38015,Lavis,,NARDELLI TIZIANO,Piazza Manci,5,10,esercizio commerciale,[]
38015,Lavis,,PASTICCERIA SILVANO DI ANDREOLLI SILVANO& C.,Via Matteotti,37,11,,[]
38015,Lavis,,LONA S.N.C. DI LONA ROBERTO & C.,Piazza Manci,1,13,esercizio commerciale,[]
38015,Lavis,,GADOTTI CALZATURE DI GADOTTI MARCO,Via Matteotti,59,14,,['CALZATURE']
38015,Lavis,,BAR LEON D’ORO DI DELLAI LORENA,Piazza Cesare Battisti,4,15,,['BAR']
38015,Lavis,,TURCO CALZATURE DI TURCO CORRADO,Via Filzi,1,16,,['CALZATURE']
38015,Lavis,,FARMACIA ROMANI DOTT. ALBERTO ERRIGO & C. S.N.C.,Via Filzi,1,17,,['FARMACIA']
38015,Lavis,Pressano,FAMIGLIA COOPERATIVA MEZZOLOMBARDO E PRESSANO SOC. COOP.,Piazza Giovanni della Croce,,18,,['BAR']
38066,Riva del Garda,,CONFEZIONI DANTI DI PELKAN WILMA & C. S.A.S.,Viale San Francesco,22,19,,[]
38057,Pergine Valsugana,,DELUGAN GUIDO E GINO S.N.C.,Via Pennella,32,20,attività artigianale,[]
38011,Cavareno,,FRUTTA E VERDURA SPRINGHETTI GILBERTO,Piazza Prati,27,21,,[]
38011,Cavareno,,LARCHER SPORT,Via Moscabio,2,22,,['SPORT']
38011,Cavareno,,BAR GELATERIA EREDI CAVALLAR DOMENICO,Piazza Prati,21,23,,['BAR']
38011,Cavareno,,EDICOLA TABACCHI GENETTI ANNAMARIA,Via Roma,43,24,,['TABACCHI']
38011,Cavareno,,MERCERIE CATTARINI TIZIANA,Piazza Prati,12,25,,[]
38011,Cavareno,,ZANI FABIO S.A.S. FERRAMENTA,Via Roma,49,26,,['FERRAMENTA']
38011,Cavareno,,LATTERIA SOCIALE CAVARENO,Via Moscabio,19,27,,[]
38057,Pergine Valsugana,,RISTORANTE AL VOLT DI LABRIOLA MICHELANGELO,Piazza Municipio,10,28,,['RISTORANTE']
38015,Lavis,,RISTORANTE PIZZERIA NUOVO CORONA DI PALMIERI TOMMASO,Piazza Manci,2,29,,"['RISTORANTE', 'PIZZERIA']"
38015,Lavis,,BAR ALBERGO CORONA S.N.C. DI PRONER RICCARDA & C.,Piazza Manci,6,30,,"['BAR', 'ALBERGO']"
38015,Lavis,,SARTORI GIUSEPPE & C. S.N.C. ,Via Clementi,47,31,esercizio commerciale,[]
38068,Rovereto,,TORREFAZIONE CAFFE’ BONTADI,Vicolo del Messaggero,10,33,,[]
38068,Rovereto,,COLORIFICIO LUCIANO CARESIA DI DANIELA CARESIA,Via Tartarotti, 50/A,34,,[]
38068,Rovereto,,FARMACIA COBELLI,Via Mazzini,10,35,,['FARMACIA']
38068,Rovereto,,BAR MANIFATTURA,Piazza Manifattura, 5/6,36,,['BAR']
38068,Rovereto,,BAR DUE COLONNE,Piazza del Podestà,9,37,,['BAR']
38068,Rovereto,,"PANIFICIO COLLER S.N.C. DI COLLER CLAUDIO, ANDREA & C.",Largo S. Floriano,5,39,,['PANIFICIO']
38068,Rovereto,,CAPPELLERIA BACCA,Via Rialto,39,40,,[]
38068,Rovereto,,BAR-TRATTORIA BELLAVISTA,Via Paganini,17,41,,['BAR']
38068,Rovereto,,DROGHERIA MICHELI,Via Mercerie, 16/18,42,,[]
38068,Rovereto,,LAZZERI,Via Rialto,32,43,esercizio commerciale,[]
38068,Rovereto,,LOCOS BAR,Via Valbusa Grande,7,44,,['BAR']
38068,Rovereto,,FARMACIA S. MARCO,Piazza Erbe,17,45,,['FARMACIA']
38068,Rovereto,,B. SALVETTI FABBRICA OMBRELLI MERCERIE E MANIFATTURE,Piazza C. Battisti,32,46,,[]
38068,Rovereto,,MANIFATTURE ZOCCHE LUIGI,Via Roma,47,47,,[]
38042,Baselga di Piné,,RISTORANTE BAR ALBERGO SERRAIA,Viale della Serraia,3,48,ristorante bar,"['BAR', 'RISTORANTE', 'ALBERGO']"
38042,Baselga di Piné,,BAR TAVOLA CALDA PIZZERIA ALPINO,Corso Roma,3,49,,"['BAR', 'PIZZERIA']"
38042,Baselga di Piné,,RISTORANTE BAR ALBERGO VILLA ANITA,Via del Fosch,21,50,ristorante bar,"['BAR', 'RISTORANTE', 'ALBERGO']"
38042,Baselga di Piné,Montagnaga,RISTORANTE BAR CA’ DEI BOCI,Via Domenica Targa,1,51,ristorante bar,"['BAR', 'RISTORANTE']"
38042,Baselga di Piné,Montagnaga,HOTEL BELVEDERE WELLNESS & FAMILY,Via Domenica Targa,1,52,ristorante bar,"['BAR', 'RISTORANTE', 'HOTEL']"
38042,Baselga di Piné,,BAR PASTI VELOCI GELATERIA PASTICCERIA PINETANA,Corso Roma,61,53,,['BAR']
38042,Baselga di Piné,,SEGHERIA E LEGNAMI DI SIGHEL RENZO,Via Marconi,11,54,,[]
38042,Baselga di Piné,,MACELLERIA SIGHEL SRL,Via Cesare Battisti,49,55,,['MACELLERIA']
38042,Baselga di Piné,Montagnaga,"FAMIGLIA COOPERATIVA ALTOPIANO DI PINE’ SCARL, PUNTO VENDITA",Via 4 Novembre,24,56,,[]
38042,Baselga di Piné,,"FAMIGLIA COOPERATIVA ALTOPIANO DI PINE’ SCARL, PUNTO VENDITA",Via Roma,9,57,,[]
38042,Baselga di Piné,Miola,"FAMIGLIA COOPERATIVA ALTOPIANO DI PINE’ SCARL, PUNTO VENDITA",Via della Chiesa, 6/3,58,,[]
38042,Baselga di Piné,Faida,"FAMIGLIA COOPERATIVA ALTOPIANO DI PINE’ SCARL, PUNTO VENDITA",Via dei Piani,54,59,,[]
38042,Baselga di Piné,,FARMACIA MORELLI S.N.C. DI MORELLI DOTT. GIUSEPPE & C.,Via Cesare Battisti,93,60,,['FARMACIA']
38042,Baselga di Piné,,ORTOFRUTTA - GRAPPOTECA DI ZANEI GIUSEPPE & C. S.N.C.,Via Cesare Battisti,86,61,,[]
38042,Baselga di Piné,Montagnaga,CALZATURE CARLIN,Via Pergine,14,62,,['CALZATURE']
38042,Baselga di Piné,,RIVENDITA TABACCHI N. 5 DI BROSEGHINI CATERINA,Via Cesare Battisti,121,63,,['TABACCHI']
38042,Baselga di Piné,,OTTICI DEFLORIAN MARANGONI DI MARANGONI DONATELLA,Corso Roma,84,64,,[]
38042,Baselga di Piné,,BAZAR IORIATTI LINO & C. S.N.C.,Corso Roma,2,65,,['BAZAR']
38042,Baselga di Piné,Rizzolaga / Campolongo,MINIMERCATO DALSANT GIUSEPPINA & C. SAS,,96,66,,[]
38042,Baselga di Piné,,PANIFICIO ANESI DI ANESI ALESSANDRO,Corso Roma,77,67,,['PANIFICIO']
38042,Baselga di Piné,,MACELLERIA FRANCESCHI ANDREA E C. SNC,Corso Roma,34,68,,['MACELLERIA']
38042,Baselga di Piné,,ORTOFRUTTA ALIMENTARI RAVANELLI RENZO,Corso Roma,47,69,,['ALIMENTARI']
38122,Trento,,COLTELLERIA S. MARCO F.LLI VALENTINI SNC,Piazzetta Agostiniani,1,70,,[]
38122,Trento,,ANTICA TRATTORIA AL VOLT DI DANIELA CARESIA,Via Santa Croce,16,71,,[]
38122,Trento,,NATURERBE S.N.C.,Piazza Fiera,7,72,esercizio commerciale,[]
38122,Trento,,LA CANTINOTA RISTORANTE,Via San Marco,22,73,,['RISTORANTE']
38064,Folgaria,Passo Coe,OSTERIA COE DI PLOTEGHER CHRITIAN,Via Caduti Malga Zonta,7,74,,[]
38064,Folgaria,,JOHN CLUB SAS DI SCHÖNSBERG GIOVANNI & C.,Via E. Colpi,52,75,bar,['BAR']
38064,Folgaria,Serrada,RISTORANTE BAR HOTEL MARTINELLA DI PLOTEGHER STEFANO,Via Martinella,53,76,,"['BAR', 'RISTORANTE', 'HOTEL']"
38064,Folgaria,,RISTORANTE BAR ALBERGO TOMASI DI TOMASI MASSIMILIANO,Via E. Colpi,108,77,,"['BAR', 'RISTORANTE', 'ALBERGO']"
38064,Folgaria,,CASALINGHI MARTINO S.A.S. DI PERGHER GELMI BRUNA E FIGLI,Via E. Colpi,131,78,,[]
38064,Folgaria,,RISTORANTE ALBERGO MILANO DI CAPPELLETTI PAOLA,Via L. Cadorna,27,79,,"['RISTORANTE', 'ALBERGO']"
38064,Folgaria,,BAR PASTICCERIA DALSASS DI CUEL SILVANA & C. SNC,Via E. Colpi,61,80,,['BAR']
38064,Folgaria,Serrada,BAR CENTRALE DI CANALIA LUISA,Via Pasubio,26,81,,['BAR']
38064,Folgaria,,PIZZERIA SCOIATTOLO CENTER SERVICE DI COROTTI GIANDARLO & C. SAS,Via E. Colpi,233,82,,['PIZZERIA']
38064,Folgaria,,ORTOFRUTTA GASPEROTTI FULVIO,Via E. Colpi,127,83,,[]
38064,Folgaria,,ORTOFRUTTA VENERI PAOLO,Via Roma,85,84,,[]
38064,Folgaria,,MINIMARKET TARGHER S.A.S. DI TARGHER MAURO & C.,Via E. Colpi,9,85,,[]
38064,Folgaria,Costa,PANIFICIO BARBETTI GUIDO DI BARBETTI BRUNO & C. S.N.C.,Via Nazioni Unite,40,86,,"['BAR', 'PANIFICIO']"
38064,Folgaria,,RISTORANTE HOTEL ALPINO S.R.L.,Via E. Colpi,170,87,,"['RISTORANTE', 'HOTEL']"
38064,Folgaria,,RISTORANTE LOCANDA DA UGO DI LEITEMPERGHER ETTORE,Via E. Colpi,343,88,,['RISTORANTE']
38064,Folgaria,Carbonare,BAZAR TABACCHI PEROTTO LUCIA ASSUNTA,Via G. Carducci,45,89,,"['TABACCHI', 'BAZAR']"
38064,Folgaria,,FOTO OTTICA PLOTEGHER ALCIDE,Via E. Colpi,143,90,,[]
38064,Folgaria,Carbonare,MINIMARKET SCALZERI GIANNA,Via A. Manzoni,14,91,,[]
38064,Folgaria,,ANTICA MACELLERIA E SALUMERIA CAPPELLETTI DI CAPPELLETTI ANDREA,Via E. Colpi,1,92,,['MACELLERIA']
38064,Folgaria,,NEGOZIO MARIAROSA DI FESTI GIUSTINO,Via E. Colpi,21,93,,[]
38064,Folgaria,,MACELLERIA CANALIA MAURO,Via E. Colpi,171,94,,['MACELLERIA']
38064,Folgaria,Fondo Grande,BAR RISTORANTE CONCA D’ORO DI GEROLA FIORENZO,,160,95,,"['BAR', 'RISTORANTE']"
38064,Folgaria,San Sebastiano,RISTORANTE BAR ALBERGO AL SOLE DI ALICE E MARIANNA DALPRA’ SNC,Via L. Nazionale,49,96,,"['BAR', 'RISTORANTE', 'ALBERGO']"
38064,Folgaria,,EDICOLA RIVENDITA TABACCHI N° 3 DI WEGHER PAOLO,Via Roma, 71/73,97,,['TABACCHI']
38064,Folgaria,,MILLE COSE SNC DI PLOTEGHER MAURO E MICHELA & C.,Via E. Colpi,135,98,,[]
38068,Rovereto,,SPECIALITA’ ALIMENTARI DI PAOLO E GIANNI ALIMENTARI FINAROLLI DI GILBERTI PAOLO & C. S.N.C.,Via Mercerie, 7-9,99,,['ALIMENTARI']
38048,Rovereto,,LUIGI ALDRIGHETTONI DI ALDRIGHETTONI GIOVANNI BATTISTA,Via Paoli, 18/B,100,esercizio commerciale,[]
38033,Torbole sul Garda,,RISTORANTE  BAR BENACO di NODARI GIOVANNI & C. S.A.S.,Via Benaco,35,101,,"['BAR', 'RISTORANTE']"
38057,Pergine Valsugana,,CAFFE’ ALEXANDER BERNARDI GIORGIO & C. SNC,Piazza Municipio,4,102,,[]
38057,Pergine Valsugana,,OCHNER LUIGI,Piazza Municipio,20,103,esercizio commerciale,[]
38057,Pergine Valsugana,,BAR AL PONTE di TARGA MATTEO,Via Al Ponte,4,104,,['BAR']
38046,Lavarone,Gionghi,PANIFICIO BERTOLDI S.N.C. DI BERTOLDI FABIO & C.,,105,106,,['PANIFICIO']
38046,Lavarone,,CERVO S.N.C. DI MARCHESI CARLO & F.LLI,Piazza Milano,2,107,ristorante bar,"['BAR', 'RISTORANTE']"
38046,Lavarone,Gionghi,PICCOLO BAZAR DI GIONGO MARIO,,96,108,,['BAZAR']
38046,Lavarone,,STENGHELE FRATELLI S.N.C. DI STENGHELE FRANCESCO GINO & C.,Via Trieste,18,109,esercizio commerciale,[]
38046,Lavarone,,RISTORANTE BAR HOTEL DU LAC DI GABRIELLI ANDREA & C. S.A.S.,Via Trieste,32,110,,"['BAR', 'RISTORANTE', 'HOTEL']"
38046,Lavarone,Bertoldi,FAMIGLIA COOPERATIVA LAVARONE S.C.A.R.L.,,5,111,,[]
38057,Pergine Valsugana,,DALSASSO EUGENIO,Via Piave,6,113,esercizio commerciale,[]
38057,Pergine Valsugana,,A.B. INTIMO DI BRUNELLI SILVANA E EVANGELISTI LUIGINO S.N.C.,Via Chimelli,18,114,,[]
38057,Pergine Valsugana,,LA ROTONDA DI BETTI MARCO & C. S.N.C.,Viale Venezia,37,115,ristorante,['RISTORANTE']
38042,Baselga di Piné,,GIOIELLERIA ANDREATTA SAS DI ANDREATTA ALESSANDRO & C.,Corso Roma,72,116,,[]
38122,Trento,,FARMACIA DE BATTAGLIA,Piazza Pasi,20,117,,['FARMACIA']
38122,Trento,,MOSER CICLI,Via Calepina,63,119,,[]
38122,Trento,,FOTO CINE LA ROTONDA,Via San Vigilio,7,120,,[]
38068,Rovereto,,FARMACIA DOTT. SANTONI,Piazza Filzi,21,121,,['FARMACIA']
38079,Tione di Trento,,OREFICERIA FRANCO GOTTARDI,Viale Dante,50,122,,[]
38046,Lavarone,Bertoldi,BAR BELEM DI BERTOLDI FRANCA,,57,123,,['BAR']
38046,Lavarone, Cappella,BAR ALBERGO NAZIONALE DI PACE ENLI & C. SNC,Piazza Milano,6,124,bar,"['BAR', 'ALBERGO']"
38046,Lavarone, Cappella,TABACCHI PACE ENLI,Piazza Milano,6,125,,['TABACCHI']
38046,Lavarone, Cappella,CASEIFICIO DEGLI ALTIPIANI E DEL VEZZENA S.C.A.,Via Marconi,5,126,,[]
38062,Arco,,FOTO EMANUELLI,Via S. Bernardino,2,127,,[]
38062,Arco,,BAZAR DEL POPOLO,Via Vergolano,16,128,,['BAZAR']
38062,Arco,,MANIFATTURE LOMBARDE,Via Segantini,78,130,,['BAR']
38062,Arco,,CALZATURE GIULIANI,Via Segantini,105,131,,['CALZATURE']
38062,Arco,,ALIMENTARI TRENTI,Via S. Bernardino,9,132,,['ALIMENTARI']
38062,Arco,,ZAMBONI TESSUTI,Piazza 3 Novembre,6,133,,[]
38062,Arco,,RISTORANTE HOTEL MARCHI,Via Ferrera,22,134,,"['RISTORANTE', 'HOTEL']"
38062,Arco,,RISTORANTE ALLA LEGA,Via Vergolano,8,135,,['RISTORANTE']
38062,Arco,,RISTORANTE BELVEDERE,Via Serafini,2,136,,['RISTORANTE']
38122,Trento,,PANIFICIO PULIN SAS,Via Cavour,23,137,,['PANIFICIO']
38079,Tione di Trento,,ANTICA MACELLERIA BALLARDINI,Via del Foro,14,138,,['MACELLERIA']
38079,Tione di Trento,,CARTOLIBRERIA B. ANTOLINI,Viale Dante,5,139,,[]
38050,Cinte Tesino,,DI FLORIO MARIA TERESA,Via del Moleta,8,140,esercizio commerciale,[]
38065,Mori, Valle San Felice,FAMIGLIA COOEPRATIVA VALLE SAN FELICE,Piazza San Felice,12,141,,[]
38065,Mori,,ABBIGLIAMENTO MAGANOTTI MARIA GRAZIA,Piazza Cal Di Ponte,15,142,,[]
38065,Mori, Loppio,TRATTORIA - BAR AL LAGO,Via del Garda,1,143,,['BAR']
38065,Mori,,FABBRICA RETI E MATERIASSI MENEGHELLI,Largo Villanuova,32,144,,[]
38065,Mori,,LA BOTTEGA DI GARUFFO LIA,Via Modena,51,145,,[]
38065,Mori,,VINERIA – BAR BAROLDI,Via Modena,35,146,,['BAR']
38065,Mori,,BAR SANI,Piazza Cal Di Ponte,16,147,,['BAR']
38065,Mori,,FORGIATURA MARCHIORI,Via Monte Baldo, 6/A,148,,[]
38065,Mori,,FERRAMENTA MALFATTI,Piazza Cal Di Ponte,4,149,,['FERRAMENTA']
38065,Mori,,OFFICINA BOMBARDELLI,Via Matteotti,96,150,,['BAR']
38065,Mori,,EDICOLA CARTOLERIA PERINI,Piazza Cal Di Ponte,28,151,,[]
38065,Mori,,ALIMENTARI MIORELLI,Via Modena,2,152,,['ALIMENTARI']
38065,Mori,,CAFFE’ DEL GELSO,Via Garibaldi,3,153,,[]
38065,Mori,,MACELLERIA TRANQUILLINI,Via Modena,1,154,,['MACELLERIA']
38065,Mori,,FARMACIA S. STEFANO,Via Malfatti,6,155,,['FARMACIA']
38065,Mori,,SUPERMARKET ZENI,Via Don  Sturzo,6,156,,[]
38065,Mori,,LAVANDERIA LA RINNOVA,Via Modena,65,157,,[]
38065,Mori,,PANIFICIO SARTORI,Piazza Cal Di Ponte,32,158,,['PANIFICIO']
38067,Ledro, Bezzecca,BAR RISTORANTE ALBERGO ALLA COSTA,Piazza Concei,3,159,,"['BAR', 'RISTORANTE', 'ALBERGO']"
38067,Ledro, Tiarno di Sotto,BAR RISTORANTE ALBERGO ALLA PERLA,Via Garibaldi,63,160,,"['BAR', 'RISTORANTE', 'ALBERGO']"
38067,Ledro, Pieve di Ledro,BAR RISTORANTE ALBERGO ALPINO,Via Cassoni,16,161,,"['BAR', 'RISTORANTE', 'ALBERGO']"
38067,Ledro, Tiarno di Sopra,BAR RISTORANTE ALBERGO CASAVECCHIA,Via G. Marconi, 11/A,162,,"['BAR', 'RISTORANTE', 'ALBERGO']"
38067,Ledro, Bezzecca,BAR RISTORANTE ALBERGO MAGGIORINA,Via XXIV Ottobre,9,163,,"['BAR', 'RISTORANTE', 'ALBERGO']"
38067,Ledro, Tiarno di Sopra,BAR RISTORANTE ALBERGO VITTORIA,Piazza Milin,1,164,,"['BAR', 'RISTORANTE', 'ALBERGO']"
38067,Ledro, Tiarno di Sopra,BAR POSTA,Via G. Marconi,93,165,,['BAR']
38067,Ledro,Bezzecca,CAFFÈ BAR CENTRALE,Piazza Garibaldi,7,166,,['BAR']
38067,Ledro, Pieve di Ledro,BAR RISTORANTE PIZZERIA CAMPEGGIO AL LAGO,Via Alzer,7,167,,"['BAR', 'RISTORANTE', 'PIZZERIA']"
38067,Ledro,Molina di Ledro,CASARI FERRAMENTA,Via Maffei,3,168,,['FERRAMENTA']
38067,Ledro,Molina di Ledro,OFFICINA MECCANICA DISTRIBUTORE MAZZOLA,Via Maffei,77,169,,[]
38067,Ledro, Pieve di Ledro,OFFICINA MECCANICA DISTRIBUTORE PELLEGRINI,Via Nuova,8,170,,[]
38067,Ledro, Lenzumo,BAR RISTORANTE ECO AMBIENTI HOTEL ELDA,Via III Giugno,3,171,,"['BAR', 'RISTORANTE', 'HOTEL']"
38067,Ledro, Pieve di Ledro,FARMACIA FOLETTO,Via Vittoria,11,172,,['FARMACIA']
38067,Ledro, Lenzumo,BAR RISTORANTE HOTEL CADRIA,Via Unità d’Italia,25,173,,"['BAR', 'RISTORANTE', 'HOTEL']"
38067,Ledro, Pieve di Ledro,BAR RISTORANTE HOTEL LIDO,Via Pribram,1,174,,"['BAR', 'RISTORANTE', 'HOTEL']"
38067,Ledro, Mezzolago,BAR RISTORANTE HOTEL MEZZOLAGO,Via Lungolago, 4/6,175,,"['BAR', 'RISTORANTE', 'HOTEL']"
38067,Ledro, Pieve di Ledro,LA BOTTEGA DELL’ARTIGIANO,Via Vittoria,22,176,,[]
38067,Ledro,Bezzecca,MACELLERIA CIS MASSIMO,Via XXI Luglio,8,177,,['MACELLERIA']
38067,Ledro,Bezzecca,MACELLERIA ZECCHINI,Piazza Obbedisco,13,178,,['MACELLERIA']
38067,Ledro, Pieve di Ledro,OSTERIA LA TORRE,Via Vittoria,28,179,,[]
38067,Ledro,Bezzecca,PANIFICIO F.LLI TOMASONI S.A.S.,Via C. Battisti,5,180,,['PANIFICIO']
38067,Ledro, Concei,RIFUGIO AL FAGGIO,Località al Faggio,,181,rifugio escursionistico,[]
38067,Ledro, Tiarno di Sopra,RIBAGA SELF SERVICE,Via Vittorio Emanuele,65,182,,[]
38035,Moena,,BAR RISTORANTE FALORIA,Piaz De Sotegrava,17,183,,"['BAR', 'RISTORANTE']"
38035,Moena,,CASABELLA IDEE REGALO,Cort Del Batesta,10,184,,[]
38035,Moena,,ARTICOLI DA REGALO LIBRERIA CROCE MARIA CRISTINA,Piaz De Ramon,1,185,,[]
38035,Moena,,EN SLUCK,Strada Cerilo Dellantonio Bora,4,186,esercizio commerciale,[]
38035,Moena,,FARMACIA DOTT. RIGONI,Strada Cerilo Dellantonio Bora,2,187,,['FARMACIA']
38035,Moena,,BAR HOTEL CAVALLETTO,Strada De Fachin,1,188,,"['BAR', 'HOTEL']"
38035,Moena,,BAR HOTEL MARIA,Strada De Sen Pelegrin,1,189,,"['BAR', 'HOTEL']"
38035,Moena,,IELLICI SPORT CALZATURE,Piaz De Ramon,62,190,,"['CALZATURE', 'SPORT']"
38035,Moena,,MODE SPORT,Piaz De Ramon,48,191,,['SPORT']
38035,Moena,,BAR HOTEL MANZONI,Sen Pelegrin,14,192,,"['BAR', 'HOTEL']"
38035,Moena,,BAR RISTORANTE LO SFIZIO,Piaz De Ramon,32,193,,"['BAR', 'RISTORANTE']"
38035,Moena,,BAR SPORTHOTEL SAN VIGILIO,L Vial,23,194,,"['BAR', 'HOTEL', 'SPORT']"
38035,Moena,,CALZATURE ZANONER,Strada Ermanno Zanoner – Canori,8,195,,['CALZATURE']
38028,Revò,,ALIMENTARI MANINFIOR ANITA,Via C. A. Martini,51,196,,['ALIMENTARI']
38028,Revò,,ALIMENTARI SANDRI,Via C. A. Martini,2,197,,['ALIMENTARI']
38028,Revò, Tregiovo,ALIMENTARI WEGHER GIOVANNA,Piazza S. Maurizio,,198,,['ALIMENTARI']
38028,Revò,,BAR ZILLER,Via C. A. Martini,19,199,,['BAR']
38028,Revò,,CALZATURIFICIO ROSSI LUIGI DI ROSSI DIEGO,Via C. A. Martini,53,200,,[]
38028,Revò,,CASEIFICIO SOCIALE MONTE OZOLO,Via Dei Maurini Bassi,2,201,,[]
38028,Revò,,CONFEZIONI ZILLER,Via C. A. Martini,7,202,,[]
38028,Revò,,ELETTROMARTINI,Piazza della Madonna Pellegrina,8,203,,[]
38028,Revò,,FABBRO GENTILINI MAURIZIO,Via C. A. Martini,45,204,,[]
38028,Revò,,FARMACIA SILVESTRI LUCIANA,Via J. A. Maffei,4,205,,['FARMACIA']
38028,Revò,,FERRAMENTA FERRARI GIULIANO,Via C. A. Martini,13,206,,['FERRAMENTA']
38028,Revò,,SALUMIFICIO ARTIGIANALE FLAIM,Via C. A. Martini,9,207,,[]
38028,Revò,,BAR RISTORANTE HOTEL REVÒ,Via G. Verdi,13,208,,"['BAR', 'RISTORANTE', 'HOTEL']"
38037,Predazzo, Bellamonte,ARTICOLI SPORTIVI DI VARESCO MARIO & C. SNC,Via Prai de Mont,10,209,,['SPORT']
38037,Predazzo,,FOTO BONINSEGNA,Via Trento,27,210,,[]
38037,Predazzo,,CASALINGHI MORANDINI,Via Trento,32,211,,[]
38037,Predazzo,,CEMIN SPORT,Piazza SS. Filippo e Giacomo,9,212,,['SPORT']
38037,Predazzo,,EL MAMA FERRAMENTA,Via Garibaldi,1,213,,['FERRAMENTA']
38037,Predazzo,,SUPERMERCATO FAMIGLIA COOPERATIVA,Via C. Battisti,21,214,,[]
38037,Predazzo,,CALZATURE GARDENER,Via Roma,26,215,,['CALZATURE']
38037,Predazzo,,MACELLERIA DELLANTONIO,Via C. Battisti,2,217,,['MACELLERIA']
38037,Predazzo,,OREFICERIA TONINI,Via C. Battisti,15,218,,[]
38037,Predazzo,,CALZATURE SEBER SANDRA,Piazza SS. Filippo e Giacomo,5,219,,['CALZATURE']
38037,Predazzo, Bellamonte,BAR RISTORANTE ALBERGO ANTICO,Via Prai de Mont,19,220,,"['BAR', 'RISTORANTE', 'ALBERGO']"
38037,Predazzo,,BAR RISTORANTE ALBERGO MONTANARA,Via Indipendenza,110,221,,"['BAR', 'RISTORANTE', 'ALBERGO']"
38037,Predazzo,,BAR RISTORANTE ALBERGO ROSA,Via Garibaldi,30,222,,"['BAR', 'RISTORANTE', 'ALBERGO']"
38037,Predazzo, Bellamonte,BAR RISTORANTE ALBERGO STELLA ALPINA,Via Prai de Mont,9,223,,"['BAR', 'RISTORANTE', 'ALBERGO']"
38037,Predazzo,,BAR RISTORANTE ALBERGO VINELLA,Via Mazzini,76,224,,"['BAR', 'RISTORANTE', 'ALBERGO']"
38037,Predazzo,,BAR RISTORANTE ALBERGO ANCORA,Via IX Novembre,1,225,,"['BAR', 'RISTORANTE', 'ALBERGO']"
38037,Predazzo,,BAR RISTORANTE ALBERGO BELLARIA,Corso Degasperi,20,226,,"['BAR', 'RISTORANTE', 'ALBERGO']"
38037,Predazzo,,BAR RISTORANTE ALBERGO TOURING,Via Trento,5,227,,"['BAR', 'RISTORANTE', 'ALBERGO']"
38037,Predazzo,,BAR CAORER,Vicolo del Caorer,11,228,,['BAR']
38037,Predazzo,,BAR EL PIRLE,Via Dante,32,229,,['BAR']
38037,Predazzo,,CAFFÈ CROCE,Via Dellagiacoma,5,230,,[]
38037,Predazzo,Miola,BAR RISTORANTE MIOLA,,1,231,,"['BAR', 'RISTORANTE']"
38050,Roncegno Terme,,RISTORANTE BAR ALBERGO VILLA ROSA,Via San Giuseppe,19,233,,"['BAR', 'RISTORANTE', 'ALBERGO']"
38050,Roncegno Terme,,RISTORANTE PALACE HOTEL,Palace Hotel,1,234,,"['RISTORANTE', 'HOTEL']"
38050,Roncegno Terme, Marter,BAR RISTORANTE ALBERGO ALLA STAZIONE,Via Nazionale,20,235,,"['BAR', 'RISTORANTE', 'ALBERGO']"
38050,Roncegno Terme,,MACELLERIA HOFFER ELISA,Via San Giuseppe,2,236,,['MACELLERIA']
38050,Roncegno Terme,,FAMIGLIA COOPERATIVA LAGORAI,Piazza Montebello,9,237,,[]
38050,Roncegno Terme,,MACELLERIA HOFFER FABRIZIO,Via Battaglione Basseggio,2,238,,['MACELLERIA']
38050,Roncegno Terme,,ALIMENTARI HOFFER NICOLETTA,Piazza Achille De Giovanni,,239,,['ALIMENTARI']
38050,Roncegno Terme,,RISTORANTE ALBERGO GARNÌ VITTORIA,Via San Giuseppe,1,240,,"['RISTORANTE', 'ALBERGO']"
38033,Cavalese,,CASALINGHI BERTAGNOLLI FERRAMENTA,Piazza Dante, 8/9,241,,['FERRAMENTA']
38033,Cavalese,,PASTICCERIA COSE BUONE DA PAOLO,Piazza Scopoli,12,242,,[]
38033,Cavalese,,TABARELLI GIORNALI TABACCHI SOUVENIR,Piazza Verdi,11,243,,"['BAR', 'TABACCHI']"
38033,Cavalese,,VIDEO UNO,Piazza Scopoli,7,244,esercizio commerciale,[]
38033,Cavalese,,CORNICI PLASTICOLOR SELLE,Via IX Novembre,10,245,,[]
38033,Cavalese,,CARTOLIBRERIA SPAZZALI,Piazza Scopoli,13,246,,[]
38033,Cavalese,,RISTORANTE HOTEL LA STUA,Via Baldieroni,2,247,,"['RISTORANTE', 'HOTEL']"
38056,Levico Terme,,RISTORANTE VECCHIA FONTANA,Piazza Venezia,38,248,,['RISTORANTE']
38056,Levico Terme,Vetriolo,BAR MASO AL VETRIOLO VECCHIO,,49,249,,['BAR']
38056,Levico Terme,,MACELLERIA DEL CENTRO,Via Garibaldi,3,250,,['MACELLERIA']
38056,Levico Terme,,FARMACIA DE PREZ,Via Dante,29,251,,['FARMACIA']
38056,Levico Terme,,BAR-ALBERGO NAZIONALE,Via Della Chiesa di Santa Giuliana,,252,,"['BAR', 'ALBERGO']"
38056,Levico Terme,,RISTORANTE-BAR-ALBERGO GARDEN,Viale Vittorio Emanuele,22,253,,"['BAR', 'RISTORANTE', 'ALBERGO']"
38056,Levico Terme,,FRIGO PRODOTTI TIPICI,Via Regia,4,254,,[]
38056,Levico Terme,,ALIMENTARI CONCI SAMUELA,Piazza Venezia,13,255,,['ALIMENTARI']
38056,Levico Terme,,RISTORANTE-BAR-ALBERGO G.H. BELLAVISTA,Viale Vittorio Emanuele,,256,,"['BAR', 'RISTORANTE', 'ALBERGO']"
38056,Levico Terme,,MOBILI ARESE,Viale Stazione,,257,,[]
38056,Levico Terme,,FIORERIA OGNIBENI IVANA,Via Garibaldi,69,258,,[]
38056,Levico Terme,,ANTICA FARMACIA ROMANESE,Via Regia,12,259,,['FARMACIA']
38056,Levico Terme,,MERCERIE VERGOT,Via Regia,1,260,,[]
38056,Levico Terme,,CASALINGHI-ELETTRODOMESTICI TADDEI GIULIANO,Via Garibaldi,66,261,,[]
38056,Levico Terme,,ORTOFRUTTA SCAPIN GIANNI,Via Cavour,49,262,,[]
38056,Levico Terme,,LANA MODA,Via Regia,19,263,,[]
38056,Levico Terme,,VIVISPORT S.N.C.,Via Regia,11,264,,['SPORT']
38056,Levico Terme,,CONCESSIONARIA BASSETTI,C.so Centrale,22,265,,[]
38056,Levico Terme,,BAR AL CONTE,Via Regia,8,266,,['BAR']
38056,Levico Terme,,BAR CAMINETTO,Via Dante,22,267,,['BAR']
38056,Levico Terme,,RISTORANTE-BAR ANTICA ROSA,Via Garibaldi,,268,,"['BAR', 'RISTORANTE']"
38056,Levico Terme,,EDICOLA PASSERINI ALBERTO,Via Guglielmo Marconi,,269,,[]
38056,Levico Terme,,BAR LINO,Via Dante,8,270,,['BAR']
38056,Levico Terme,,BAR SERENA,Via Regia,21,271,,['BAR']
38056,Levico Terme,,RISTORANTE-BAR SANDRO,Via Domenico Mons. Caproni,,272,,"['BAR', 'RISTORANTE']"
38056,Levico Terme,,DALSASSO ABBIGLIAMENTO,Via Dante,34,273,,[]
38057,Pergine Valsugana,,GIOVANNINI LUISA,Via C. Battisti n. 19,,274,esercizio commerciale,[]
38050,Imer,,BAR - RISTORANTE ALBERGO AL BIVIO,Via Nazionale,169,275,,"['BAR', 'RISTORANTE', 'ALBERGO']"
38050,Imer,Pontet,RISTORANTE ALBERGO AL LAGO,,9,276,,"['RISTORANTE', 'ALBERGO']"
38050,Imer,,B. & B. LEGNO DI BETTEGA GRAZIANO & C. S.N.C.,Via Casabianca,1,277,,[]
38050,Imer,,BAR OBBER,Via Nazionale,62,278,,['BAR']
38050,Imer,,DARIO SPORT DI BETTEGA ROBERTO & C. S.A.S.,Via Nazionale,76,279,,['SPORT']
38050,Imer,Giare,FALEGNAMERIA FRATELLI BONINSEGNA SNC,,11,280,,[]
38050,Imer,,FAMIGLIA COOPERATIVA IMER,Via Nazionale,101,281,,[]
38070,Vallelaghi,Padergnone,CANTINOTA,Via Nazionale n. 15,,282,bar - esercizio commerciale,['BAR']
38066,Riva del Garda,,FERRAGLIA VITTORIO,Piazza G. Garibaldi,8,284,esercizio commerciale,[]
38066,Riva del Garda,,OTTICA ARMANI,Via Gazzoletti,23,285,,[]
38122,Trento,,FARMACIA S. CHIARA,Via S. Croce ,57,286,,['FARMACIA']
38122,Trento,,BIRRERIA PEDAVENA,Piazza Fiera,13,287,,[]
38122,Trento,,VIGILIO FRANZINELLI,Vicolo del Liceo,13,288,esercizio commerciale,[]
38122,Trento,,EL MERICAN,Via Torre Verde,50,289,ristorante,['RISTORANTE']
38122,Trento,,FOTO RENSI,Via Marchetti,28,290,,[]
38122,Trento,,OROLOGERIA M. GROPPA,Via degli Orbi,21,291,,[]
38122,Trento,,FAMIGLIA COOPERATIVA DI POVO,Piazza Manci,8,292,,[]
38051,Borgo Valsugana,,CALZATURE E PELLETTERIE CAPPELLO,Scala al Convento,5,293,,['CALZATURE']
38051,Borgo Valsugana,,BOTTEGA DEL COLORE,Corso Ausugum,43,294,,[]
38051,Borgo Valsugana,,VULCANO STORE,Via Spagolla,5,295,esercizio commerciale,[]
38051,Borgo Valsugana,,ARCOBALENO,Corso Ausugum,12,296,esercizio commerciale,[]
38051,Borgo Valsugana,,SEGNANA,Via Temanza,15,297,esercizio commerciale,[]
38051,Borgo Valsugana,,CAMBO,Piazza Martiri Resistenza,1,298,esercizio commerciale,[]
38051,Borgo Valsugana,,GANARIN,Via B. Venezia,15,299,esercizio commerciale,[]
38051,Borgo Valsugana,,BELLUCCO,Corso Ausugum, 60 - 66,300,esercizio commerciale,[]
38051,Borgo Valsugana,,AGOSTINI,Corso Ausugum,32,301,esercizio commerciale,[]
38051,Borgo Valsugana,,PAGNUSAT,Corso Ausugum,26,302,esercizio commerciale,[]
38051,Borgo Valsugana,,BAR CUSSO,Piazza Dante,17,303,,['BAR']
38051,Borgo Valsugana,,CAFFÈ PASTICCERIA ZITA,Piazza De Gasperi,15,304,,[]
38051,Borgo Valsugana,,BAR MILANO,Piazza Romani,7,305,,['BAR']
38051,Borgo Valsugana,,DALSASSO,Piazza Dante,15,306,esercizio commerciale,[]
38051,Borgo Valsugana,,COMUNELLO,Corso Ausugum,19,307,esercizio commerciale,[]
38054,Primiero San Martino di Castrozza,Fiera di Primiero,MACELLERIA BAGGETTO,Via Giuseppe Terrabugio,4,308,,['MACELLERIA']
38054,Primiero San Martino di Castrozza,Fiera di Primiero,CALZATURE TAMANINI,Via Giuseppe Terrabugio,5,309,,['CALZATURE']
38054,Primiero San Martino di Castrozza,Fiera di Primiero,FARMACIA ALLA MADONNA,Via Guadagnini,28,310,,['FARMACIA']
38054,Primiero San Martino di Castrozza,Fiera di Primiero,BELLOTTO GIOIELLI,Salita Luigi Negrelli,,311,,[]
38054,Primiero San Martino di Castrozza,Fiera di Primiero,CANTINA CESARI,Via San Francesco,,312,,[]
38054,Primiero San Martino di Castrozza,Fiera di Primiero,ARREDAMENTI GUBERT FRANCO,Via San Francesco,4,313,,[]
38054,Primiero San Martino di Castrozza,Fiera di Primiero,PASTICCERIA GIOVANNA SIMION,Piazzetta del Dazio,5,314,,[]
38054,Primiero San Martino di Castrozza,Fiera di Primiero,SPORTING GAIO,Via Giuseppe Terrabugio,40,315,,['SPORT']
38054,Primiero San Martino di Castrozza,Fiera di Primiero,FOTO OTTICA GILLI,Via Giuseppe Garibaldi,33,316,,[]
38054,Primiero San Martino di Castrozza,Fiera di Primiero,CREPAZ FLORIO,Via San Francesco,14,317,esercizio commerciale,[]
38054,Primiero San Martino di Castrozza,Fiera di Primiero,RISTORANTE BAR ALBERGO DOLOMITI,Viale Piave,9,318,,"['BAR', 'RISTORANTE', 'ALBERGO']"
38054,Primiero San Martino di Castrozza,Fiera di Primiero,ORTOFRUTTA MELCHIORI,Via San Francesco,16,319,,[]
38054,Primiero San Martino di Castrozza,Fiera di Primiero,BAR AQUILA NERA,Piazza Cesare Battisti,9,320,,['BAR']
38054,Primiero San Martino di Castrozza,Fiera di Primiero,LAVASECCO LA RAPIDA,Piazza Cesare Battisti,1,321,,[]
38054,Primiero San Martino di Castrozza,Fiera di Primiero,GAUDENZI FRANCESCO,Via Terrabugio,14,322,esercizio commerciale,[]
38054,Primiero San Martino di Castrozza,Fiera di Primiero,TROTTER CALZATURE,Via Giuseppe Garibaldi,6,323,,['CALZATURE']
38054,Primiero San Martino di Castrozza,Fiera di Primiero,MACELLERIA GADENZ,Via Fiume,18,324,,['MACELLERIA']
38054,Primiero San Martino di Castrozza,Fiera di Primiero,GADENZ SEBASTIANO,Via Fiume,3,325,esercizio commerciale,[]
38054,Primiero San Martino di Castrozza,Fiera di Primiero,BAR TABACCHI WEISS,Piazza Luigi Negrelli,3,326,,"['BAR', 'TABACCHI']"
38057,Pergine Valsugana,Susà,BETTY BAR,Via alla Malga,11,327,,['BAR']
38077,Comano Terme,Ponte Arche,ARREDI MORELLI,Via Marconi,11,328,,[]
38077,Comano Terme,Ponte Arche,PANIFICIO ZANONI,Piazza Mercato,26,329,,['PANIFICIO']
38122,Trento,,LEONARDI ANTONIO,Via S. Pietro,68,330,esercizio commerciale,[]
38122,Trento,,RISTORANTE PIZZERIA VESUVIO,Via Malvasia,103,331,,"['RISTORANTE', 'PIZZERIA']"
38062,Arco,,BERLANDA LA NASCENTE,Via Segantini,67,332,esercizio commerciale,[]
38062,Arco,,NEGRI FIORI,Via Vergolano,28,333,,[]
38062,Arco,,TORBOLI MARCO,Via Segantini,24,334,esercizio commerciale,[]
38057,Pergine Valsugana,Viarago,ALPINA,Via della Predolcia,21,335,pubblico esercizio esercizio commerciale,[]
38010,Ronzone,,RISTORANTE BAR HOTEL STELLA DELLE ALPI,Via Mendola,41,336,,"['BAR', 'RISTORANTE', 'HOTEL']"
38010,Ronzone,,RISTORANTE BAR HOTEL REGINA DEL BOSCO,Via Mendola,48,337,,"['BAR', 'RISTORANTE', 'HOTEL']"
38010,Ronzone,,LA BOTTEGA,Via Mendola,27,338,esercizio commerciale,[]
38011,Sarnonico,,SEGHERIA IMBALLAGGI ABRAM SILVIO & C. SNC,Via Cesare Battisti,2,339,,[]
38011,Sarnonico,Regole,RISTORANTE HOTEL IL FALCHETTO,,,340,,"['RISTORANTE', 'HOTEL']"
38011,Sarnonico,Regole,BAR RISTORANTE REGOLE,,,341,,"['BAR', 'RISTORANTE']"
38011,Sarnonico,,DE LUCA FABIO FABBRO,Via Cesare Battisti,8,342,,[]
38011,Sarnonico,,BAR CENTRALE,Via Cesare Battisti,30,343,,['BAR']
38011,Sarnonico,,BAR RISTORANTE PIZZERIA LA RUSTICA,Via Cesare Battisti,31,344,,"['BAR', 'RISTORANTE', 'PIZZERIA']"
38050,Roncegno,Marter,FAMIGLIA COOPERATIVA MARTER,Via Nazionale,11,345,,[]
38050,Roncegno,,CARTOLERIA DI HOFFER LEOPOLDA,Via A. Pola,1,346,,[]
38079,Tione di Trento,,PANE LATTE DOLCIUMI DI PAROLARI LUCIANA,Via 3 Novembre,19,347,,[]
38010,Romeno,,FAMIGLIA COOPERATIVA CONAD,Piazza Cooperazione,6,348,,[]
38010,Romeno,,MACELLERIA ENDRIZZI SERGIO,Piazza Romana,7,349,,['MACELLERIA']
38010,Romeno,,IL FORNO DE BIASI,Piazza Graiff,9,350,,[]
38010,Romeno,,FALEGNAMERIA ROSATI ELIO,Via San Bartolomeo,59,351,,[]
38010,Romeno,,BAZAR DI FRANCISCI MARIANGELA,Piazza Lampi,24,352,,['BAZAR']
38010,Romeno,,PIZZERIA ANAUNIA,Via 4 Novembre,80,353,,['PIZZERIA']
38010,Romeno,,BAR CENTRALE DI CAIO E LORENZA,Piazza Romana,5,354,,['BAR']
38010,Romeno,,CASEIFICIO SOCIALE,Via Alla Piena,62,355,,[]
38010,Romeno, Malgolo,ARTICOLI REGALO SARCLETTI,Via Al Castello,14,356,,[]
38010,Romeno, Salter,LATTONIERE PLAGA MATTEO,Via SS. Martiri d’Anaunia,2,357,,[]
38010,Romeno,,MOBILIFICIO FRANCISCI,Via 4 Novembre,53,358,,[]
38010,Romeno,,ROEN MODE DI COGOI LUCA,Via 4 Novembre,17,359,,[]
38060,Nogaredo,,OSTARIA DELE STRIE,Piazza Centrale,10,360,,[]
38060,Nogaredo,,FAMIGLIA COOPERATIVA NOGAREDO,Via Verdi,15,361,,[]
38060,Nogaredo,Brancolino,PARISI BRUNA ALIMENTARI,Via Del Ponte,1,362,,['ALIMENTARI']
38060,Nogaredo,,MOBILI BETTINI,Via San Biagio,12,363,,[]
38060,Nogaredo,Molini,BAR TRATTORIA AI MOLINI,Via Molini,7,364,,['BAR']
38070,Vallelaghi,Terlago,BAR PIZZERIA AI TRE FAGGI,Strada Laghi di Lamar,31,365,,"['BAR', 'PIZZERIA']"
38017,Mezzolombardo,,RISTORANTE ALBERGO AL BORGHETTO,Via E. de Varda,10,366,,"['RISTORANTE', 'ALBERGO']"
38017,Mezzolombardo,,BOTTAMEDI CALZATURE,Corso Mazzini,49,367,,['CALZATURE']
38017,Mezzolombardo,,FERRAMENTA TOMASI,Corso Mazzini,53,368,,['FERRAMENTA']
38017,Mezzolombardo,,ZENI,Corso Mazzini,11,369,esercizio commerciale,[]
38017,Mezzolombardo,,TAIT,Corso Mazzini,21,370,esercizio commerciale,[]
38017,Mezzolombardo,,BAZAR TAIT MERCERIE,Via Roma,30,371,,['BAZAR']
38017,Mezzolombardo,,ABBIGLIAMENTO MAURINA,Via De Gasperi,2,372,,[]
38017,Mezzolombardo,,OREFICERIA G. CASNA,Corso Mazzini,8,373,,[]
38017,Mezzolombardo,,TESSUTI MANZATTI,Piazza Cassa di Risparmio,6,374,,[]
38017,Mezzolombardo,,PESCHERIA ROAT ROMANO,Via 4 Novembre,12,375,,[]
38017,Mezzolombardo,,OTTICA PIZZI,Via A. de Varda,20,376,,[]
38017,Mezzolombardo,,WEBER LILIANA,Corso Libertà,15,377, generi di monopolio,[]
38017,Mezzolombardo,,TAIT GIUDITTA,Via De Gasperi,40,378,esercizio commerciale,[]
38017,Mezzolombardo,,BOZ GIUSEPPE,Corso Mazzini,12,379,esercizio commerciale,[]
38017,Mezzolombardo,,LA CASA DELLA RADIO,Via A. de Varda,9/A,380,,[]
38017,Mezzolombardo,,FEDRIZZI VIGILIO & C. S.N.C.,Corso del Popolo,5,381,esercizio commerciale,[]
38017,Mezzolombardo,,FEDRIZZI ROSANNA E C. S.N.C.,Corso del Popolo,5,382,esercizio commerciale,[]
38018,Molveno,,PUNTO CASA,Via Roma,21,383,,[]
38018,Molveno,,RISTORANTE ALPOTEL VENEZIA,Via Nazionale,10,384,,['RISTORANTE']
38018,Molveno,,FRUTTA VERDURA DI GIORDANI ADELIO,P. Marconi, 5/a,385,,[]
38018,Molveno,,CENTRAL MARKET,Via Paganella,1,386,,[]
38018,Molveno,,BAR ALBERGO ITALIA,Via Lungolago,9,387,,"['BAR', 'ALBERGO']"
38018,Molveno,,RISTORANTE HOTEL MIRALAGO,Piazza Scuole,3,388,,"['RISTORANTE', 'HOTEL']"
38018,Molveno,,RISTORANTE HOTEL EXCELSIOR,Via Nazionale,41,389,,"['RISTORANTE', 'HOTEL']"
38018,Molveno,,BAR CRISTALLO,Piazza Scuole,2,390,,['BAR']
38018,Molveno,,ZENI CALZATURE,Via Roma,6,391,,['CALZATURE']
38018,Molveno,,MACELLERIA SPRINGHETTI,Via Roma,14,392,,['MACELLERIA']
38018,Molveno,,RISTORANTE HOTEL LONDRA,Via Nazionale,34,393,,"['RISTORANTE', 'HOTEL']"
38018,Molveno,,RISTORANTE ALEXANDER HOTEL,Piazza Scuole,7,394,,"['RISTORANTE', 'HOTEL']"
38018,Molveno,,RISTORANTE HOTEL BELVEDERE,Via Nazionale,9,395,,"['RISTORANTE', 'HOTEL']"
38018,Molveno,,BAR RISTORANTE HOTEL EUROPA,Via Nazionale,13,396,,"['BAR', 'RISTORANTE', 'HOTEL']"
38018,Molveno,,RISTORANTE HOTEL AURORA,Via Belvedere,8,397,,"['RISTORANTE', 'HOTEL']"
38018,Molveno,,RISTORANTE HOTEL PANORAMA,Via Nazionale,45,398,,"['RISTORANTE', 'HOTEL']"
38018,Molveno,,RISTORANTE HOTEL MOLVENO,Via Bettega,18,399,,"['RISTORANTE', 'HOTEL']"
38018,Molveno,,RISTORANTE PIZZERIA AL CAMINETTO,Via Lungolago,4,400,,"['RISTORANTE', 'PIZZERIA']"
38018,Molveno,,RISTORANTE HOTEL GLORIA,Via Lungolago,15,401,,"['RISTORANTE', 'HOTEL']"
38018,Molveno,,RISTORANTE ALBERGO STELLA ALPINA,Via Cesare Battisti,6,402,,"['RISTORANTE', 'ALBERGO']"
38018,Molveno,,CENTRO FOTO OTTICA,Piazza S. Carlo,3,403,,[]
38018,Molveno,Pradel,RISTORANTE ALBERGO DEL BRENTA,,,404,,"['RISTORANTE', 'ALBERGO']"
38018,Molveno,Pradel,RISTORANTE ALBERGO PRADEL,,,405,,"['RISTORANTE', 'ALBERGO']"
38018,Molveno,,ANGOLO MODA,Piazza San Carlo, 11/A,406,,[]
38122,Trento,,CRONST,Via Galilei,25,407,esercizio commerciale,[]
38033,Cavalese,,PONTRELLI DI CARLA ZANCANELLA,Piazza C. Battisti,15,408,esercizio commerciale,[]
38033,Cavalese,,RAFFAELLA,Via IX Novembre,6,409,esercizio commerciale,[]
38033,Cavalese,,CAPPELLERIA BETTA,Piazza Dante,6,410,,[]
38121,Trento,Gardolo,BAZAR MOSER,Piazza Libertà,14,411,,['BAZAR']
38050,Canal San Bovo,Ghiaie,MACELLERIA MINIMARKET HIGHLANDER,,7,412,,['MACELLERIA']
38050,Canal San Bovo,Sperandi,BAR RISTORANTE ALBERGO AL PIN,,111,413,,"['BAR', 'RISTORANTE', 'ALBERGO']"
38050,Canal San Bovo,,OSTERIA ALLE FOSSE,Via Fosse,148,414,,[]
38050,Canal San Bovo,Lausen,RISTORANTE ALBERGO LAGORAI,,12,415,,"['RISTORANTE', 'ALBERGO']"
38050,Canal San Bovo,Zortea,RISTORANTE ALBERGO SERENELLA,,56,416,,"['RISTORANTE', 'ALBERGO']"
38050,Canal San Bovo,Fosse,CENTRO SPESA CORONA,,141,417,,[]
38050,Canal San Bovo,,FAMIGLIA COOPERATIVA ZORTEA,Via Zortea, 57/B,418,,[]
38050,Canal San Bovo,,FAMIGLIA COOPERATIVA CANAL SAN BOVO,Via Roma,17,419,,[]
38050,Canal San Bovo,Caseri,FAMIGLIA COOPERATIVA CAORIA,,8,420,,[]
38050,Canal San Bovo,,FAMIGLIA COOPERATIVA PRADE,Piazza G. Marconi Loc. Prade,,421,,[]
38077,Comano Terme,Ponte Arche,FERRAMENTA FEDRIZZI,Via Marconi,28,422,,['FERRAMENTA']
38051,Borgo Valsugana,,CAFFE’ ROMA,Largo Dordi,3,423,,[]
38038,Tesero,,BAR RISTORANTE ALBERGO AL CERVO,Via IV Novembre,18,424,,"['BAR', 'RISTORANTE', 'ALBERGO']"
38038,Tesero,,BAR ANCORA,Via IV Novembre,32,425,,['BAR']
38038,Tesero,,CARTOLIBRERIA DEFLORIAN,Via Roma,78,426,,[]
38038,Tesero,Stava,RISTORANTE HOTEL ERICA,,1,427,,"['RISTORANTE', 'HOTEL']"
38038,Tesero,,CALZATURE ZENI SPORT,Via IV Novembre, 21/B,428,,"['CALZATURE', 'SPORT']"
38038,Tesero,,VALENTINO SCARPE,Via Roma,88,429,,[]
38038,Tesero,,EUFORIA INTIMO,Piazza Nuova, 5/B,430,,[]
38038,Tesero,,BAR STELLA,Via Roma,29,431,,['BAR']
38038,Tesero,,CANAL KATIA TABACCHERIA,Via Roma,29,432,,[]
38038,Tesero,,ELETTROSOC DI GILMOZZI ERNESTO,Via Socce,2,433,,[]
38038,Tesero,,MOBILIFICIO SILVIO DELLADIO,Via Roma,24,434,,[]
38038,Tesero,,FAMIGLIA COOPERATIVA,Via Cavada,6,435,,[]
38121,Trento,,BAR PASTICCERIA MAZZOLENI,Piazza General Cantore,28,436,,['BAR']
38069,Cavalese,,PROFUMERIA BOSCHETTO,Via F.lli Bronzetti,5,437,,[]
38036,San Giovanni di Fassa-Sèn Jan,Pozza di Fassa,L. MALGHER,Piaza del Malgher,1,438,,[]
38036,San Giovanni di Fassa-Sèn Jan,Pozza di Fassa,LINO SPORT,Strada de Meida,78,439,,['SPORT']
38036,San Giovanni di Fassa-Sèn Jan,Pozza di Fassa,RISTORANTE ALBERGO RIZZI,Piaza de Salin,6,440,,"['RISTORANTE', 'ALBERGO']"
38036,San Giovanni di Fassa-Sèn Jan,Pozza di Fassa,ELETTROGAS PEDERIVA,Strada Dolomites,121,441,,[]
38036,San Giovanni di Fassa-Sèn Jan,Pozza di Fassa,PANIFICIO EL PEK,Piaza Deodat de Dolomieu,4,442,,['PANIFICIO']
38036,San Giovanni di Fassa-Sèn Jan,Pozza di Fassa,FAMIGLIA COOPERATIVA POZZA DI FASSA,Piaza de Comun,11,443,,[]
38036,San Giovanni di Fassa-Sèn Jan,Pozza di Fassa,BAR AL PONTE,Strada de Meida,1,444,,['BAR']
38036,San Giovanni di Fassa-Sèn Jan,Pozza di Fassa,PANIFICIO BERNARD,Troi Giovanni Francesco Bernard,5,445,,['PANIFICIO']
38030,Soraga,,PANIFICIO BONINSEGNA,Piazza Cioc,20,446,,['PANIFICIO']
38030,Soraga,,BAR RISTORANTE HOTEL DE FRONZ,Strada de Pont,35,447,,"['BAR', 'RISTORANTE', 'HOTEL']"
38030,Soraga,,BAR RISTORANTE HOTEL AVISIO,Stradone de Fascia,6,448,,"['BAR', 'RISTORANTE', 'HOTEL']"
38030,Soraga,,FAMIGLIA COOPERATIVA SORAGA,Stradone de Fascia,16,449,,[]
38030,Soraga,,SPORT BRUNEL,Piazza Cioc,20,450,,['SPORT']
38030,Soraga,,TABACCHERIA GIULIANI,Stradone de Fascia,3,451,,[]
38030,Soraga,,BAR RISTORANTE HOTEL ROSALPINA,Strada de Palua,2,452,,"['BAR', 'RISTORANTE', 'HOTEL']"
38039,San Giovanni di Fassa-Sèn Jan,Vigo di Fassa,BAR RISTORANTE HOTEL ROSA,Strada Rezia,5,453,,"['BAR', 'RISTORANTE', 'HOTEL']"
38039,San Giovanni di Fassa-Sèn Jan,Vigo di Fassa,TABACCHI E SOUVENIRS GHETTA FABRIZIO,Strada de la Piazedela,3,454,,['TABACCHI']
38039,San Giovanni di Fassa-Sèn Jan,Vigo di Fassa,FOTO SPORT LADIN,Strada Roma,26,455,,['SPORT']
38039,San Giovanni di Fassa-Sèn Jan,Vigo di Fassa,OREFICERIA OROLOGERIA POLLAM,Strada Roma,17,456,,[]
38039,San Giovanni di Fassa-Sèn Jan,Vigo di Fassa,BAR BIANCO,Strada Rezia,28,457,,['BAR']
38039,San Giovanni di Fassa-Sèn Jan,Vigo di Fassa,MACELLERIA F.LLI PELLEGRIN,Strada Daniel Zen,9,458,,['MACELLERIA']
38039,San Giovanni di Fassa-Sèn Jan,Vigo di Fassa,BAR HOTEL MIRAMONTI,Strada di Molins,10,459,,"['BAR', 'HOTEL']"
38039,San Giovanni di Fassa-Sèn Jan,Vigo di Fassa,BAR RISTORANTE ACTIVE HOTEL OLYMPIC,Strada Dolomites,4,460,,"['BAR', 'RISTORANTE', 'HOTEL']"
38039,San Giovanni di Fassa-Sèn Jan,Vigo di Fassa,BAR RISTORANTE HOTEL DOLOMITI,Strada Dolomites,9,461,,"['BAR', 'RISTORANTE', 'HOTEL']"
38039,San Giovanni di Fassa-Sèn Jan,Vigo di Fassa,TONY SPORT,Strada Rezia,11,462,,['SPORT']
38039,San Giovanni di Fassa-Sèn Jan,Vigo di Fassa,BAR LADIN,Strada de la Piazedela,9,463,,['BAR']
38039,San Giovanni di Fassa-Sèn Jan,Vigo di Fassa,BAR RISTORANTE HOTEL FONTANA,Strada de Valongia,36,464,,"['BAR', 'RISTORANTE', 'HOTEL']"
38039,San Giovanni di Fassa-Sèn Jan,Vigo di Fassa,DA FLORA,Strada Rezia,22,465,,[]
38039,San Giovanni di Fassa-Sèn Jan,Vigo di Fassa,LA BOTEIGA,Via Roma,48,466,,[]
38039,San Giovanni di Fassa-Sèn Jan,Vigo di Fassa,BAR ALBERGO BELVEDERE,Strada Murada,3,467,,"['BAR', 'ALBERGO']"
38039,San Giovanni di Fassa-Sèn Jan,Vigo di Fassa,BAR RISTORANTE HOTEL RENATO,Strada de Solar,27,468,,"['BAR', 'RISTORANTE', 'HOTEL']"
38039,San Giovanni di Fassa-Sèn Jan,Vigo di Fassa,PANIFICIO EL PECH,Strada Rezia,26,469,,['PANIFICIO']
38039,San Giovanni di Fassa-Sèn Jan,Vigo di Fassa,FAMIGLIA COOPERATIVA VIGO DI FASSA,Strada Rezia,30,470,,[]
38039,San Giovanni di Fassa-Sèn Jan,Vigo di Fassa,ELECTRO POLLAM,Strada Roma,25,471,,[]
38039,San Giovanni di Fassa-Sèn Jan,Vigo di Fassa,BAR RISTORANTE HOTEL VAEL,Strada Rezia,29,472,,"['BAR', 'RISTORANTE', 'HOTEL']"
38039,San Giovanni di Fassa-Sèn Jan,Vigo di Fassa,RISTORANTE HOTEL SAVOY,Jouf de Ciareja,2,473,,"['RISTORANTE', 'HOTEL']"
38039,San Giovanni di Fassa-Sèn Jan,Vigo di Fassa / Passo Costalunga,SPORT LUCY,,3,474,,['SPORT']
38039,San Giovanni di Fassa-Sèn Jan,Vigo di Fassa,LORENZ EMILIO BIBITE,Strada de Pilat,9,475,,[]
38039,San Giovanni di Fassa-Sèn Jan,Vigo di Fassa,RISTORANTE BAR ALPEN HOTEL CORONA,Strada Murada,3,476,,"['BAR', 'RISTORANTE', 'HOTEL']"
38032,Canazei,,BAR RISTORANTE ALBERGO ALPINO AL CAVALLETTO,Via Costa,103,477,,"['BAR', 'RISTORANTE', 'ALBERGO']"
38032,Canazei,Alba di Canazei,RISTORANTE HOTEL ALBA,Via Costa,99,478,,"['RISTORANTE', 'HOTEL']"
38032,Canazei,,BAR RISTORANTE HOTEL BERNARD,Via Roma,25,479,,"['BAR', 'RISTORANTE', 'HOTEL']"
38032,Canazei,,BAR RISTORANTE HOTEL ALLA ROSA,Strada del Faure,18,480,,"['BAR', 'RISTORANTE', 'HOTEL']"
38032,Canazei,,PANIFICIO BONINSEGNA,Via Costa,25,481,,['PANIFICIO']
38032,Canazei,,RIFUGIO ESCURSIONISTICO VALENTINI,Streda de Sella,23,482,,[]
38032,Canazei,,BAR RISTORANTE RIFUGIO VILLETTA MARIA,Strada Pian Trevisan,44,483,,"['BAR', 'RISTORANTE']"
38032,Canazei,,VALERUZ SPORT,Via Roma,18,484,,['SPORT']
38032,Canazei,,CALZATURE ROSSI,Via Dolomiti,81,485,,['CALZATURE']
38032,Canazei,,BAR RISTORANTE HOTEL COL DI LANA,Strada del Pordoi,132,486,,"['BAR', 'RISTORANTE', 'HOTEL']"
38032,Canazei,,BAR RISTORANTE ALBERGO MIRAMONTI,Streda de Costa,213,487,,"['BAR', 'RISTORANTE', 'ALBERGO']"
38032,Canazei,,RISTORANTE HOTEL PORDOI,Strada del Pordoi,76,488,,"['RISTORANTE', 'HOTEL']"
38032,Canazei,,RISTORANTE HOTEL DOLOMITI,Via Dolomites,80,489,,"['RISTORANTE', 'HOTEL']"
38032,Canazei,,BAR GARNÌ INTERNATIONAL,Streda Dolomites,193,490,,['BAR']
38032,Canazei,,PROFUMERIA COSTA,Piazza G. Marconi,21,491,,[]
38032,Canazei,,BAR GARNÌ STELLA ALPINA,Streda do Ruf de Antermont,6,492,,['BAR']
38032,Canazei,,BAR RISTORANTE HOTEL CROCE BIANCA,Via Streda Roma,3,493,,"['BAR', 'RISTORANTE', 'HOTEL']"
38032,Campitello di Fassa,,BAR RISTORANTE HOTEL VILLA ROSA,Streda Dolomites,87,494,,"['BAR', 'RISTORANTE', 'HOTEL']"
38032,Campitello di Fassa,,RISTORANTE SPORT HOTEL ENROSADIRA,Streda de Morandin,43,495,,"['RISTORANTE', 'HOTEL', 'SPORT']"
38032,Campitello di Fassa,,BAR RISTORANTE HOTEL RODODENDRO,Streda Dolomites,45,496,,"['BAR', 'RISTORANTE', 'HOTEL']"
38032,Campitello di Fassa,,BAR AGNELLO,Piazza Centrale,,497,,['BAR']
38032,Campitello di Fassa,,FAMIGLIA COOPERATIVA CAMPITELLO DI FASSA,Streda Dolomites,87,498,,[]
38060,Brentonico,,BAR RISTORANTE HOTEL MIRAMONTI,Via Mazzini Loc. Crosano,97,499,,"['BAR', 'RISTORANTE', 'HOTEL']"
38060,Brentonico,,BAR RISTORANTE ALBERGO NENI,Via Garibaldi,2,500,,"['BAR', 'RISTORANTE', 'ALBERGO']"
38060,Brentonico,,BAR RISTORANTE ALBERGO ZENI,Via Roma,16,501,,"['BAR', 'RISTORANTE', 'ALBERGO']"
38060,Brentonico,San Giacomo,RISTORANTE HOTEL S. GIACOMO,Via Borani Salvotti,2,502,,"['RISTORANTE', 'HOTEL']"
38060,Brentonico,,PANIFICIO TOGNI,Via Roma,14,503,,['PANIFICIO']
38060,Brentonico,Santa Caterina,PIZZERIA LA PINETA,,1,504,,['PIZZERIA']
38060,Brentonico,,SAV FORMAGGI,Piazza Generale Dalla Chiesa,25,505,,[]
38060,Brentonico,,TABACCHERIA RIGO,Via Roma,22,506,,[]
38060,Brentonico,,PASSERINI CALZATURE,Via Fabio Filzi,19/a,507,,['CALZATURE']
38060,Brentonico,,ALIMENTARI ANDREOLLI,Via Roma,5,508,,['ALIMENTARI']
38060,Brentonico,Castione,ALIMENTARI CANALI,Via Clemente,1,509,,['ALIMENTARI']
38060,Brentonico,,BAR COMMERCIO,Via Roma,49,510,,['BAR']
38060,Brentonico,,FAMIGLIA COOPERATIVA BRENTONICO,Via Roberti,3,511,,[]
38060,Brentonico,Crosano,FAMIGLIA COOPERATIVA CROSANO,Via Mazzini,1,512,,[]
38060,Brentonico,Cornè,FAMIGLIA COOPERATIVA CORNÈ,Via 3 Novembre,47,513,,[]
38030,Ziano di Fiemme,,BAR IL BUNKER,Via Prof. Vanzetta,,514,,['BAR']
38060,Villa Lagarina,,RISTORANTE HOTEL AL PONTE,Via Alpini,28,515,,"['RISTORANTE', 'HOTEL']"
38060,Villa Lagarina,Lago di Cei,BAR RISTORANTE ALBERGO LAGO DI CEI,,1,516,,"['BAR', 'RISTORANTE', 'ALBERGO']"
38060,Villa Lagarina,,BAR ROMA,Via XXV Aprile,10,517,,['BAR']
38060,Villa Lagarina,,FARMACIA DE PROBIZER,Via XXV Aprile,28,518,,['FARMACIA']
38060,Villa Lagarina,,FAMIGLIA COOPERATIVA DI CASTELLANO,Via del Torchio,64,519,,[]
38060,Villa Lagarina,,FAMIGLIA COOPERATIVA DI PEDERSANO,Via Sant’Antonio,,520,,[]
38060,Villa Lagarina,,FAMIGLIA COOPERATIVA VILLA LAGARINA,Via XXV Aprile,50,521,,[]
38050,Pieve Tesino,,TESINO MARKET,Via Brigata Abruzzi,4,522,,[]
38050,Pieve Tesino,,BAR CENTRALE,Piazza Garibaldi,4,523,,['BAR']
38050,Pieve Tesino,,PUNTO ROSSO ALIMENTARI,Piazza Garibaldi,2,524,,['ALIMENTARI']
38063,Avio,Madonna della Neve / Valdomenegal,BAR RISTORANTE ALBERGO ALPINO,,,525,,"['BAR', 'RISTORANTE', 'ALBERGO']"
38063,Avio,,BAR NUOVO,Viale Alcide De Gasperi,13,526,,['BAR']
38063,Avio,,CASEIFICIO SOCIALE SABBIONARA,Via Vignola,25,527,,[]
38063,Avio,,RIVENDITA FUMANELLI GEDEONE,Piazza Conciliazione,17,528,,[]
38063,Avio,,PANIFICIO SEGA DIEGO,Via Regina Elena,18,529,,['PANIFICIO']
38063,Avio,,FAMIGLIA COOPERATIVA AVIO,Piazza Roma,5,530,,[]
38063,Avio,,BAR SPORT,Via Venezia,75,531,,"['BAR', 'SPORT']"
38063,Avio,,BAR TRATTORIA ALLA STAZIONE,Via General Cantore,41,532,,['BAR']
38063,Avio,,CADEN CARLO ABBIGLIAMENTO,Via Regina Elena,12,533,,[]
38063,Avio,,CADEN TENDAGGI,Via Teatro,5,534,,[]
38063,Avio,,CONFEZIONI DA IDA,Via S. Antonio,28,535,,[]
38063,Avio,Borghetto,BAR RISTORANTE ALBERGO MONTE BALDO,,,536,,"['BAR', 'RISTORANTE', 'ALBERGO']"
38063,Avio,Madonna della Neve / Valdomenegal,RIFUGIO ESCURSIONISTICO MONTE BALDO,,,537,,[]
38063,Avio,,FARMACIA COOPERATIVA,Piazza Roma,4,538,,['FARMACIA']
38063,Avio,,FALEGNAMERIA MABBONI,Viale Alcide De Gasperi,82,539,,[]
38033,Cavalese,,DELIZIE WELPONER,Via F.lli Bronzetti,27,540,,[]
38079,Tione di Trento,,FARMACIA BONI,Viale Dante,42,541,,['FARMACIA']
38060,Isera,,PANIFICIO MODERNO,Via Al Ponte,10,542,,['PANIFICIO']
38060,Isera,,FAMIGLIA COOPERATIVA DI ISERA,Piazza San Vincenzo,10,543,,[]
38054,Primiero San Martino di Castrozza,Tonadico,RISTORANTE BAR HOTEL TRESSANE,Via Roma,30,544,,"['BAR', 'RISTORANTE', 'HOTEL']"
38054,Primiero San Martino di Castrozza,Tonadico,RISTORANTE PARK HOTEL IRIS,Via Roma,26,545,,"['RISTORANTE', 'HOTEL']"
38054,Primiero San Martino di Castrozza,Tonadico,RISTORANTE HOTEL PRIMIERO,Via Roma,8,546,,"['RISTORANTE', 'HOTEL']"
38054,Primiero San Martino di Castrozza,Tonadico,IL NEGOZIO DEL PANE,Via Roma,2,547,,[]
38054,Primiero San Martino di Castrozza,Tonadico,PANIFICIO CENTRALE DI PRIMIERO,Via Roma,2,548,,['PANIFICIO']
38054,Primiero San Martino di Castrozza,Tonadico,BAR ALBERGO TRE PONTI,Via Sorelle Lucian,5,549,,"['BAR', 'ALBERGO']"
38054,Primiero San Martino di Castrozza,Tonadico,RISTORANTE BAR LANTERNA VERDE,Via Roma,8,550,,"['BAR', 'RISTORANTE']"
38054,Primiero San Martino di Castrozza,Tonadico,EDICOLA BAZAR TABACCHI,Via Scopoli,43,551,,"['TABACCHI', 'BAZAR']"
38054,Primiero San Martino di Castrozza,Tonadico,BAR CENTRALE,Via Scopoli,37,552,,['BAR']
38054,Primiero San Martino di Castrozza,Tonadico,NON SOLO PANE,Via Card. Bernardin,2,553,,[]
38054,Primiero San Martino di Castrozza,Tonadico,FAMIGLIA COOPERATIVA DI TONADICO,Via Scopoli,40,554,,[]
38053,Castello Tesino,,OREFICERIA OROLOGERIA MULLER,Piazza San Giorgio,3,555,,[]
38053,Castello Tesino,,FARMACIA RIGONI,Via Dante,12/A,556,,['FARMACIA']
38053,Castello Tesino,,BAR PIZZERIA CROSARA,Piazza San Giorgio,8,557,,"['BAR', 'PIZZERIA']"
38053,Castello Tesino,,BAR ROMA,Piazza San Giorgio,5,558,,['BAR']
38053,Castello Tesino,,FAMIGLIA COOPERATIVA DI CASTELLO TESINO,Via Donato Pelloso,13/A,559,,[]
38053,Castello Tesino,,BAR ORATORIO,Via Venezia,18,560,,['BAR']
38053,Castello Tesino,Passo Brocon,RISTORANTE BAR ALBERGO PASSO BROCON “DA S’CIOPO”,,2,561,,"['BAR', 'RISTORANTE', 'ALBERGO']"
38053,Castello Tesino,,FIORI E VERDURA,Piazza Trento,1,562,,[]
38053,Castello Tesino,,EMPORIO DIEGO ZOTTA,Piazza Trento,3,563,,[]
38053,Castello Tesino,Molini,BAR AL PONTE,,2,564,,['BAR']
38053,Castello Tesino,,MACELLERIA BOSO,Via Baili,4,565,,['MACELLERIA']
38053,Castello Tesino,,BAR RISTORANTE ALBERGO BELLAVISTA,Via Roma,17,566,,"['BAR', 'RISTORANTE', 'ALBERGO']"
38053,Castello Tesino,,ABBIGLIAMENTO BAILO,Piazza Marconi,1,567,,[]
38053,Castello Tesino,,ALIMENTARI DA CELESTINO,Piazza Marconi,5,568,,['ALIMENTARI']
38053,Castello Tesino,,ALIMENTARI MORANDUZZO,Via Terrasanta,7,569,,['ALIMENTARI']
38053,Castello Tesino,,CAFFÈ MARCONI,Piazza Marconi,4,570,,[]
38053,Castello Tesino,,TABACCHI ZAMPIERO,Piazza Marconi,3,571,,['TABACCHI']
38086,Pinzolo,Madonna di Campiglio,CHALET FERRARI,Piazza Righi,28,572,,[]
38086,Pinzolo,Madonna di Campiglio,CHALET FERRARI REGALO,Piazza Righi,30,573,,[]
38122,Trento,,ZANELLA ARREDAMENTI,Via Rosmini,78,574,,[]
38065,Levico Terme,,ALIMENTARI RICCIO STEFANIA,Via Dante,7/B,575,,['ALIMENTARI']
38065,Levico Terme,,ETA BETA DI GRISENTI GIORGIA,Corso Centrale,38,576,,[]
38065,Levico Terme,,FERRAMENTA CASALINGHI ROSA,Via Dante,16,577,,['FERRAMENTA']
38050,Ronchi Valsugana,,FAMIGLIA COOPERATIVA LAGORAI,Via Marchi,2,578,,[]
38050,Castelnuovo,,SIMONETTO CARNI,Viale Venezia,20,579,,[]
38035,Moena,Sén Pelegrin,BAR RISTORANTE HOTEL COSTABELLA,,37,580,,"['BAR', 'RISTORANTE', 'HOTEL']"
38035,Moena,,MACELLERIA FELICETTI,Strada E. Zanoner Canori,,581,,['MACELLERIA']
38035,Moena,,ELETTRODOMESTICI DE PELLEGRINI,Strenta de Ischiacia,14,582,,[]
38035,Moena,,SEGHERIA ZANONER,Strada de la Comunità de Fiem,11,583,,[]
38060,Pomarolo,,MACELLERIA FASANELLI,Via 3 Novembre,3,584,,['MACELLERIA']
38055,Grigno,,MINATI ROBERTA,Via Vittorio Emanuele,27,585,esercizio commerciale,[]
38067,Ledro,,BAR RISTORANTE ALBERGO SILVANA,Via Nuova,6,586,,"['BAR', 'RISTORANTE', 'ALBERGO']"
38122,Trento,,EDICOLA TABACCHI SANNICOLÒ GABRIELE,Piazza Sanzio,9,587,,['TABACCHI']
38051,Borgo Valsugana,,FARMACIA CENTRALE,Corso Ausugum,40,588,,['FARMACIA']
38051,Borgo Valsugana,,SIMONETTO CARNI,Via Padri Morizzo,20,589,,[]
38033,Cavalese,,FAMIGLIA COOPERATIVA DI CAVALESE,Piazza Battisti,12,590,,[]
38068,Rovereto,,DAMIATA MOTO,Corso Bettini,54,591,,[]
38123,Trento,,NEON TRENTO SCOTUZZI,Via Ragazzi del '99,39,592,attività artigianale,[]
38066,Riva del Garda,,CASA DEL CAFFÈ,Via Maffei,13,593,,[]
38070,Vallelaghi,Vezzano,RISTORANTE PIZZERIA LILLÀ,Piazza di Sant'A. Abate,5,594,,"['RISTORANTE', 'PIZZERIA']"
38064,Folgaria,Francolini,BAR HOTEL SEGGIOVIA,,32,595,,"['BAR', 'HOTEL']"
38064,Folgaria,,PANIFICIO CANALIA,Via Schirni,13,596,,['PANIFICIO']
38064,Folgaria,,FOLGARIA FASHION SPORT,Via E. Colpi,191,597,,['SPORT']
38064,Folgaria,,BAR RISTORANTE HOTEL BIANCANEVE,Via A. Maffei,134,598,,"['BAR', 'RISTORANTE', 'HOTEL']"
38064,Folgaria,,BAR RISTORANTE HOTEL ERICA,Via Nazionale,69,600,,"['BAR', 'RISTORANTE', 'HOTEL']"
38064,Folgaria,,BAR RISTORANTE ANTICO ALBERGO STELLA D'ITALIA,Via E. Colpi,48,601,,"['BAR', 'RISTORANTE', 'ALBERGO']"
38064,Folgaria,,BAR RISTORANTE ALBERGO TRENTINO,Via Manzoni,63,602,,"['BAR', 'RISTORANTE', 'ALBERGO']"
38064,Folgaria,,CALZATURE FAIT,Via E. Colpi,10,603,,['CALZATURE']
38064,Folgaria,,FARMACIA GIRARDI,Via E. Colpi,179,604,,['FARMACIA']
38064,Folgaria,,BAR RISTORANTE PARK HOTEL MIRAMONTI,Via Dante Alighieri,12,605,,"['BAR', 'RISTORANTE', 'HOTEL']"
38064,Folgaria,,BAR RISTORANTE ALBERGO DUE SPADE,Via Lega Nazionale,41,606,,"['BAR', 'RISTORANTE', 'ALBERGO']"
38064,Folgaria,,MERCERIA RELLA,Piazza S. Lorenzo,11,607,,[]
38123,Trento,Sopramonte,SALUMERIA BELLI,Piazza Oveno,1,609,,[]
38077,Comano Terme,Ponte Arche,BONANI GIULIANA,,58,610,esercizio commerciale,[]
38122,Trento,,BAR FIORENTINA,Via Calepina,4,611,,['BAR']
38020,Pellizzano,,AMBROSI SILVIO LUIGI,Via Nazionale,35,612,esercizio commerciale,[]
38012,Predaia,Taio,MACELLERIA MALENCH,Piazza San Vittore,19,613,,['MACELLERIA']
38122,Trento,,BAR DEI CAVAI,Via S. Martino,90,614,,['BAR']
38066,Riva del Garda,,BRESCIANI SOUVENIR,Piazza C. Battisti,14,615,,[]
38066,Riva del Garda,,PROFUMERIE BRESCIANI,Via Mazzini,13,616,,[]
38035,Moena,,BAR DELL'HOTEL RANCOLIN,Strada de Moene,31,617,,"['BAR', 'HOTEL']"
38035,Moena,,MOBILIFICIO ARTIGIANI ASSOCIATI,Strada de la Comunità de Fiem,34,618,,[]
38035,Moena,,BAR GABRY,Piaz de Ramon,27,619,,['BAR']
38035,Moena,,BAR RAMON,Piaz de Ramon ,41,620,,['BAR']
38035,Moena,,ENOTECA DEL PINTER,Strenta de Ischiacia,1,621,,[]
38035,Moena,,GIOIELLERIA CROCE,Piaz de Ramon,41,622,,[]
38035,Moena,,BAR DELL'HOTEL ALLE ALPI,Strada de Moene ,67,623,,"['BAR', 'HOTEL']"
38035,Moena,,LA BORA,Piaz de Ramon,45,624,,[]
38035,Moena,,NONSOLOMODA,Strada de Fachin,3,625,,[]
38066,Riva del Garda,,PELLETTERIA GRAZIA S.A.S.,Via Fiume,29,626,,[]
38034,Cembra Lisignago,Cembra,MACELLERIA ZANOTELLI,Viale IV Novembre 35,,627,,['MACELLERIA']
38034,Cembra Lisignago,Cembra,PANIFICIO GAIGHER,Via Damiano Chiesa  6,,628,,['PANIFICIO']
38034,Cembra Lisignago,Cembra,FERRAMENTA PIU',Viale IV Novembre 35,82,629,,['FERRAMENTA']
38034,Cembra Lisignago,Cembra,IDEA CASA,Viale IV Novembre 35,78,630,,[]
38034,Cembra Lisignago,Cembra,MACELLERIA PAOLAZZI,Piazza San Rocco,2,631,,['MACELLERIA']
38034,Cembra Lisignago,Cembra,BAR VICO,Piazza Marconi,6,632,,['BAR']
38034,Cembra Lisignago,Cembra,BAR ROSALPINA,Viale IV Novembre 17,,633,,['BAR']
38052,Caldonazzo,,ALBERGO RISTORANTE BAR DUE SPADE,Piazza Municipio ,2,634,,"['BAR', 'RISTORANTE', 'ALBERGO']"
38052,Caldonazzo,,ALBERGO RISTORANTE BAR ALLA TORRE,Via delle Villa,37,635,,"['BAR', 'RISTORANTE', 'ALBERGO']"
38052,Caldonazzo,,CASALINGHI FERRAMENTA MURARA,Piazza Municipio,14,636,,['FERRAMENTA']
38052,Caldonazzo,,MOBILI CIOLA,Via Brenta,9,637,,[]
38040,Luserna,,BAR RISTORNATE ROSSI,Via G. Marconi,1,638,,['BAR']
38054,Primiero San Martino di Castrozza,Siror,MACELLERIA BONELLI,Via Asilo,26,639,,['MACELLERIA']
38054,Primiero San Martino di Castrozza,Siror,PANIFICIO PASTICCERIA ZANETEL ARRIGO,Via Larga,11,640,,['PANIFICIO']
38054,Primiero San Martino di Castrozza,Siror,BAR HOTEL SIROR,Via Larga ,13,641,,"['BAR', 'HOTEL']"
38054,Primiero San Martino di Castrozza,San Martino di Castrozza,CAFFE' CENTRALE DI GIAN LUIGI SECCO E C.,Via Passo Rolle,76,642,,[]
38054,Primiero San Martino di Castrozza,San Martino di Castrozza,RISTORANTE ALBERGO CENTRALE,Via Passo Rolle,74,643,,"['RISTORANTE', 'ALBERGO']"
38054,Primiero San Martino di Castrozza,San Martino di Castrozza,BAZAR DELL'ALPE,Via Passo Rolle,185,644,,['BAZAR']
38054,Primiero San Martino di Castrozza,San Martino di Castrozza,BANCHER S.A.S. DI TISOT ADELIA E C.,Via Laghetto,4,645,,[]
38064,Folgaria,,ALBERGO BAR RISTORANTE ROSALPINA DI CANALIA GABRIELE,Via Strada Nuova ,8,646,,"['BAR', 'RISTORANTE', 'ALBERGO']"
38064,Folgaria,Costa,ALBERGO BAR RISTORANTE SAYONARA DI RECH WILLIAM,Via A. Maffei,52,647,,"['BAR', 'RISTORANTE', 'ALBERGO']"
38034,Cembra Lisignago,Cembra,NIC S.A.S. DI NICOLODI MARTINO,Via Cesare Battisti,33/1,648,,[]
38034,Cembra Lisignago,Cembra,FAMIGLIA COOPERATIVA DI CEMBRA,Piazza Marconi,3,649,,[]
38034,Cembra Lisignago,Cembra,TABACCHINO DI FADANELLI MAURA,Piazza Marconi,8,650,,['TABACCHI']
38034,Cembra Lisignago,Cembra,BAR PIZZERIA SAINT ROCK,Viale IV Novembre,51,651,,"['BAR', 'PIZZERIA']"
38013,Fondo,,BAZAR COVI,Piazza San Giovanni,16,652,,['BAZAR']
38013,Fondo,,CALZATURE SCHNEIDER,Via IV Novembre,1,653,,['CALZATURE']
38013,Fondo,,EUROPAFERR FERRAMENTA DI ZINI MAURO GIOVANNI,Via Battisti,25,654,,['FERRAMENTA']
38013,Fondo,,BATTISTI CALZATURE DI BATTISTI ALBERTO,Via Battisti,10,655,,['CALZATURE']
38013,Fondo,,ZANONI PREZIOSI ,Via Inama,2,656,,[]
38013,Fondo,,PIZZERIA-RISTORANTE AL FOLON,Via Lago Smeraldo,18,657,,"['RISTORANTE', 'PIZZERIA']"
38050,Bieno,,BAR RISTORANTE TRENTO,Via Milano ,10,658,,"['BAR', 'RISTORANTE']"
38054,Primiero San Martino di Castrozza,Siror,BIRRERIA VALSERENA,Via Valserena ,36,659,,[]
38054,Primiero San Martino di Castrozza,Siror,BAR CAFFE' ERO,Via S. Andrea,5,660,,['BAR']
38054,Primiero San Martino di Castrozza,San Martino di Castrozza,BAR MARGHERITA,Via Passo Rolle,183,661,,['BAR']
38054,Primiero San Martino di Castrozza,San Martino di Castrozza,ESTETICA PROFUMERIA TISOT,Via Passo Rolle,133,662,,[]
38054,Primiero San Martino di Castrozza,Siror,CALZATURE BANCHER SEVERINO,Via Rivetta,23,663,,['CALZATURE']
38054,Primiero San Martino di Castrozza,San Martino di Castrozza,RISTORANTE ALBERGO FRATAZZA,Via Passo Rolle,2,664,,"['RISTORANTE', 'ALBERGO']"
38054,Primiero San Martino di Castrozza,San Martino di Castrozza,FAMIGLIA COOPERATIVA DI SIROR,Via S. Andrea,4,665,,[]
38030,Castello-Molina di Fiemme,,BAR ALLA TORRE,Via Avisio,6,666,,['BAR']
38030,Castello-Molina di Fiemme,,RISTORANTE ALBERGO LATEMAR S.N.C. DI BETTA MARISA E &.,Via Latemar,16,667,,"['RISTORANTE', 'ALBERGO']"
38030,Castello-Molina di Fiemme,Molina di Fiemme,CAVADA DOLORES DI CAVADA UGO & C. S.N.C.,Via Bolzano,22,668,,[]
38030,Castello-Molina di Fiemme,Stramentizzo Nuovo,BAR RISTORANTE PIZZERIA AL LAGO,,19,669,,"['BAR', 'RISTORANTE', 'PIZZERIA']"
38030,Castello-Molina di Fiemme,Molina di Fiemme,BAR RISTORANTE ALBERGO PINETA,Via Cadino,2,670,,"['BAR', 'RISTORANTE', 'ALBERGO']"
38030,Castello-Molina di Fiemme,Molina di Fiemme,RISTORANTE ALBERGO ANCORA DI ZANCANELLA PAOLO E LUCIA S.N.C.,Via Marconi,4,671,,"['RISTORANTE', 'ALBERGO']"
38030,Castello-Molina di Fiemme,Molina di Fiemme,PANIFICIO TARTER DI MARCO TARTER & C. S.N.C.,Via Marconi,17,672,,['PANIFICIO']
38030,Castello-Molina di Fiemme,Molina di Fiemme,FAMIGLIA COOPERATIVA DI CAVALESE - MOLINA DI FIEMME - PREDAIA,Via Marconi,23,673,,[]
38030,Castello-Molina di Fiemme,,FAMIGLIA COOPERATIVA DI CAVALESE - CASTELLO DI FIEMME,Via Roma,11,674,,[]
38013,Fondo,,CARTOLERIA GIOCATTOLI BERTOLDI,Piazza San Giovanni,37,675,,[]
38013,Fondo,,LA BOTTEGA DI ZAMBIASI,Piazza San giovanni,15,676,,[]
38013,Fondo,,LATTERIA SOCIALE DI FONDO,Via IV Novembre,70,677,,[]
38013,Fondo,,FAMIGLIA COOPERATIVA VAL DI NON,Via Battisti,20,678,,[]
38079,Tione di Trento,,CAFFE' VECCHIA TIONE,Via del Foro,16,679,,[]
38010,Sanzeno,Casez,FAMIGLIA COOPERATIVA VAL DI NON S.C.A.R.L. - CASEZ,Via Roma,9,680,,[]
38010,Sanzeno,,FAMIGLIA COOPERATIVA VAL DI NON S.C.A.R.L. - SANZENO,Via Nazionale,28,681,,[]
38010,Sanzeno,Banco,FAMIGLIA COOPERATIVA VAL DI NON S.C.A.R.L. - BANCO,Via Mazzini,2,682,,[]
38010,Sanzeno,,BAR ALLA FONTANA DI BALDO ONESTINGHEL OLGA & C.,Piazza Centrale,38/A,683,,['BAR']
38010,Sanzeno,Banco,BAR MARINELLI,Via Mazzini,3,684,,['BAR']
38010,Sanzeno,Banco,BAR DALPIAZ,,48,685,,['BAR']
38010,Sanzeno,Casez,HOTEL CASEZ,Via Roma,48,686,,['HOTEL']
38010,Sanzeno,,RISTORANTE AL MULINO,Via S. Romedio ,18,687,,['RISTORANTE']
38030,Castello-Molina di Fiemme,,PANIFICIO ZORZI DI ZORZI EZIO & C. S.N.C.,Via Roma,34,688,,['PANIFICIO']
38030,Castello-Molina di Fiemme,Molina di Fiemme,BAR SPORT,Via Italia,10,689,,"['BAR', 'SPORT']"
38013,Fondo,,QUEN CONFEZIONI,Piazza Dante,5,690,,[]
38066,Riva del Garda,,RESTEL DE FER,Via Restel de Fer,10,691,,[]
38033,Carano,,DELVAI MARKET S.N.C. DI DELVAI NICOLETTA E CARESIA DIEGO,Via Giovanelli A.,43,692,,[]
38122,Trento,,TUTTO LUCE SAS,Via Calepina,40,693,,[]
38122,Trento,,BAR TRE PORTONI,Via S. Croce,48,694,,['BAR']
38050,Ospedaletto,,BAR ROMA,Via Roma,22,695,,['BAR']
38122,Trento,,FIORERIA STELLA,Corso Tre Novembre,44,696,,[]
38066,Riva del Garda,,CONTINI,Via Fiume,55,697,esercizio commerciale,[]
38057,Pergine Valsugana,,A. CRIVELLARI – COSE DI CASA,Via Battisti,8,698,,[]
38057,Pergine Valsugana,,FRISANCO,Piazza Spiaz de le Oche,33,699,esercizio commerciale,[]
38086,Pinzolo,,ALIMENTARI CAOLA,Via Maturi,1,700,,['ALIMENTARI']
38023,Cles,,LA BOTTEGA DEL MOLETA,Via Lampi ,9,701,esercizio commerciale/attività artigianale,[]
38023,Cles,,ALBERGO RISTORANTE CLES – OSTERIA PALAZAN,Piazza Navarrino,7,702, ,"['RISTORANTE', 'ALBERGO']"
38023,Cles,,CAFF'E EUROPA,Piazza Granda,5,703,,[]
38023,Cles,,FARMACIA DE MAFFEI ,Via Pilati,13,704,,['FARMACIA']
38023,Cles,,CAFFÈ BERTOLASI,Piazza Granda,43,705,,[]
38023,Cles,,VISINTAINER CARTOLIBRERIA,Piazza Granda,3,706,,[]
38023,Cles,,ROSANI ALIMENTARI,Piazza Pez,1,707,,['ALIMENTARI']
38023,Cles,,SEGHERIA LONGO,Via Marconi,38-44,708,,[]
38023,Cles,,ALIMENTARI PAOLI S.N.C.,Via Diaz,6/A,709,,['ALIMENTARI']
38023,Cles,,MACELLERIA AGOSTINI LUIGI,Via Lampi ,26,710,,['MACELLERIA']
38023,Cles,,MENAPACE IVO,Via Pilati,9,711,esercizio commerciale,[]
38023,Cles,,VALENTINOTTI FRANCESCO,Piazza Granda,40,712,esercizio commerciale,[]
38023,Cles,,ANGELI FLAVIO,Piazza Municipio ,6,713,esercizio commerciale,[]
38023,Cles,,OREFICERIA A. CORRADINI,Piazza Granda,23,714,,[]
38023,Cles,,ANGELI NICOLA,Piazza Municipio,4,715,esercizio commerciale,[]
38023,Cles,,PREZIOSI STELLA,Piazza Municipio ,7,716,,[]
38023,Cles,,PESCHERIA GOIO,Via Lampi ,2,717,,[]
38023,Cles,,COLORIFICIO PIZ,Piazza Granda,30,718,,[]
38011,Sarnonico,,ABRAM VITTORIO E C. SNC,Via Battisti,51,719,esercizio commerciale,[]
38011,Sarnonico,,BAZAR GIORNALI DI CATTARINI VINCENZO,Via IV Novembre,2,720,,['BAZAR']
38073,Cavedine,Stravino,CALZATURE DALLAPÈ,Via Trento,14,721,,['CALZATURE']
38067,Ledro,Bezzecca,BAITA SANTA LUCIA,Via Santa Lucia,36,722,esercizio di somministrazione di alimenti e bevande,[]
38060,Tenno,,ANTICA CROCE,Via dei Laghi,1,723,esercizio di somministrazione di alimenti e bevande,[]
38010,S. Michele all’Adige,Grumo,MOBILI ZENI LINO S.R.L.,Via Postal,29,724,esercizio commerciale,[]
38010,S. Michele all’Adige,Grumo,HOTEL CANTALEONE,Via Tonale,23,725,,['HOTEL']
38010,S. Michele all’Adige,,BAR AL TURISTA,Via Brennero,32,726,,['BAR']
38032,Canazei,Penia / Fedaia,BAR DIGA,,17,727,,['BAR']
38061,Ala,Sega,ALBERGO MONTILESSINI,,,728,pubblico esercizio – somministrazione di alimenti e bevande – pizzeria,"['ALBERGO', 'PIZZERIA']"
38061,Ala,,BAR EUGENIA,Piazza G. Cantore,1,729,,['BAR']
38061,Ala,,BAR TABACCHI DI BONGIOVANNI MAURO,Piazzetta Cantore,5,730,,"['BAR', 'TABACCHI']"
38061,Ala,,MACELLERIA DEBIASI SERGIO,Via 27 Maggio,,731,,['MACELLERIA']
38061,Ala,,VECCHIO CARNERA,Piazza Buonacquisto,4,732,pubblico esercizio – somministrazione di alimenti e bevande – bar/trattoria,['BAR']
38077,Comano Terme,,OREFICERIA CATTONI DI CATTONI CLAUDIO,Via Cesare Battisti,19,733,,[]
38077,Comano Terme,,CATTONI ELETTRONICA DI CATTONO ROBERTO,Via Cesare Battisti,17,734,,[]
38020,Rabbi,San Bernardo,HOTEL MIRAMONTI,,55,735,ristorante – bar,"['BAR', 'RISTORANTE', 'HOTEL']"
38037,Predazzo,,LE LUZIE,Piazza SS. Filippo e Giacomo,4,736,esercizio commerciale,[]
38066,Riva del Garda,,MARCHETTI,Piazza Catena,21,737,esercizio commerciale,[]
38122,Trento,Trento,INDAL,Via 24 Maggio,9,738,esercizio commerciale,[]
38060,Garniga Terme,,ZANLUCCHI SOFIA & C. S.A.S.,Via dei Bagni di Fieno,17,739,esercizio commerciale,[]
38030,Soraga di Fassa,,RISTORANTE BAR JA VITO DI VENDER KATIA E C. S.N.C.,Stradon de Fascia ,2,740,ristorante - bar,"['BAR', 'RISTORANTE']"
38038,Tesero,,SALONE FUORI DI TESTA DI POZZA NADIA,Via Cesare Battisti,6/A,741,parrucchiera (impresa artigiana con vendita di prodotti),[]
38122,Trento,,FILIPPI E GARDUMI S.N.C. DI GARDUMI RENZO & C.,Via Bolghera,34,742,"esercizio commerciale/attività artigianale (pasticceria, gelateria)",[]
38077,Comano Terme,Poia,ALBERGO LOCANDA FIORE DI SALIZZONI SILVIO E RITA S.N.C.,Via Mazzini,22,743,pubblico esercizio – somministrazione di alimenti e bevande – locanda,['ALBERGO']
